{
    "representation": "skipspecies_induced",
    "pooling": "max",
    "dimension": 86,
    "task": "is_magnetic",
    "classification": true,
    "repeat": {
        "1": {
            "fold": {
                "1": {
                    "val_auc": 0.9461785554885864
                },
                "2": {
                    "val_auc": 0.9536905288696288
                },
                "3": {
                    "val_auc": 0.9431192278862
                },
                "4": {
                    "val_auc": 0.9453681111335754
                },
                "5": {
                    "val_auc": 0.9476953148841858
                }
            }
        },
        "2": {
            "fold": {
                "1": {
                    "val_auc": 0.9504234790802002
                },
                "2": {
                    "val_auc": 0.9483358860015868
                },
                "3": {
                    "val_auc": 0.9413204193115234
                },
                "4": {
                    "val_auc": 0.9400728940963744
                },
                "5": {
                    "val_auc": 0.9417148232460022
                }
            }
        }
    },
    "mean_auc": 0.9457919239997864,
    "std_auc": 0.004131957337839872
}