{
    "representation": "skipspecies_induced",
    "pooling": "max",
    "dimension": 86,
    "task": "formation_energy_per_atom",
    "classification": false,
    "repeat": {
        "1": {
            "fold": {
                "1": {
                    "val_mae": 0.1219153702259063
                },
                "2": {
                    "val_mae": 0.1234928667545318
                },
                "3": {
                    "val_mae": 0.1194280683994293
                },
                "4": {
                    "val_mae": 0.122220791876316
                },
                "5": {
                    "val_mae": 0.1223326101899147
                }
            }
        },
        "2": {
            "fold": {
                "1": {
                    "val_mae": 0.1186481788754463
                },
                "2": {
                    "val_mae": 0.1243302449584007
                },
                "3": {
                    "val_mae": 0.121317371726036
                },
                "4": {
                    "val_mae": 0.1226725876331329
                },
                "5": {
                    "val_mae": 0.1230888590216636
                }
            }
        }
    },
    "mean_mae": 0.12194469496607777,
    "std_mae": 0.001665777701184866
}