{
    "representation": "skipspecies_induced",
    "pooling": "sum",
    "dimension": 400,
    "task": "is_metal",
    "classification": true,
    "repeat": {
        "1": {
            "fold": {
                "1": {
                    "val_auc": 0.9060348272323608
                },
                "2": {
                    "val_auc": 0.9008095264434814
                },
                "3": {
                    "val_auc": 0.902502715587616
                },
                "4": {
                    "val_auc": 0.8914710879325867
                },
                "5": {
                    "val_auc": 0.904110074043274
                }
            }
        },
        "2": {
            "fold": {
                "1": {
                    "val_auc": 0.9028072953224182
                },
                "2": {
                    "val_auc": 0.891585111618042
                },
                "3": {
                    "val_auc": 0.8985692262649536
                },
                "4": {
                    "val_auc": 0.8919280767440796
                },
                "5": {
                    "val_auc": 0.9047651886940002
                }
            }
        }
    },
    "mean_auc": 0.8994583129882813,
    "std_auc": 0.005464798211606076
}