{
    "representation": "skipspecies_induced",
    "pooling": "sum",
    "dimension": 200,
    "task": "band_gap",
    "classification": false,
    "repeat": {
        "1": {
            "fold": {
                "1": {
                    "val_mae": 0.4009378552436828
                },
                "2": {
                    "val_mae": 0.3932194709777832
                },
                "3": {
                    "val_mae": 0.3800347149372101
                },
                "4": {
                    "val_mae": 0.3827133476734161
                },
                "5": {
                    "val_mae": 0.3836823403835296
                }
            }
        },
        "2": {
            "fold": {
                "1": {
                    "val_mae": 0.3789035081863403
                },
                "2": {
                    "val_mae": 0.3822957575321197
                },
                "3": {
                    "val_mae": 0.3841864168643951
                },
                "4": {
                    "val_mae": 0.4022865891456604
                },
                "5": {
                    "val_mae": 0.3908571600914001
                }
            }
        }
    },
    "mean_mae": 0.3879117161035538,
    "std_mae": 0.008041689086463003
}