{
    "representation": "skipspecies_induced",
    "pooling": "sum",
    "dimension": 86,
    "task": "is_magnetic",
    "classification": true,
    "repeat": {
        "1": {
            "fold": {
                "1": {
                    "val_auc": 0.9616093039512634
                },
                "2": {
                    "val_auc": 0.9601633548736572
                },
                "3": {
                    "val_auc": 0.9604803323745728
                },
                "4": {
                    "val_auc": 0.9623020887374878
                },
                "5": {
                    "val_auc": 0.9617384076118468
                }
            }
        },
        "2": {
            "fold": {
                "1": {
                    "val_auc": 0.9667797088623048
                },
                "2": {
                    "val_auc": 0.9610203504562378
                },
                "3": {
                    "val_auc": 0.957996904850006
                },
                "4": {
                    "val_auc": 0.9600551128387452
                },
                "5": {
                    "val_auc": 0.9606084823608398
                }
            }
        }
    },
    "mean_auc": 0.9612754046916961,
    "std_auc": 0.0021515950180293615
}