{
    "representation": "skipspecies_induced",
    "pooling": "mean",
    "dimension": 400,
    "task": "is_metal",
    "classification": true,
    "repeat": {
        "1": {
            "fold": {
                "1": {
                    "val_auc": 0.9014074206352234
                },
                "2": {
                    "val_auc": 0.8974190950393677
                },
                "3": {
                    "val_auc": 0.9003012180328369
                },
                "4": {
                    "val_auc": 0.8994583487510681
                },
                "5": {
                    "val_auc": 0.8936506509780884
                }
            }
        },
        "2": {
            "fold": {
                "1": {
                    "val_auc": 0.8904263377189636
                },
                "2": {
                    "val_auc": 0.8952308893203735
                },
                "3": {
                    "val_auc": 0.8953233361244202
                },
                "4": {
                    "val_auc": 0.8919994831085205
                },
                "5": {
                    "val_auc": 0.8917078971862793
                }
            }
        }
    },
    "mean_auc": 0.8956924676895142,
    "std_auc": 0.003644581722742443
}