{
    "representation": "skipspecies_induced",
    "pooling": "mean",
    "dimension": 400,
    "task": "band_gap",
    "classification": false,
    "repeat": {
        "1": {
            "fold": {
                "1": {
                    "val_mae": 0.3828297555446625
                },
                "2": {
                    "val_mae": 0.3796803951263428
                },
                "3": {
                    "val_mae": 0.3895411789417267
                },
                "4": {
                    "val_mae": 0.3885045647621155
                },
                "5": {
                    "val_mae": 0.3818269968032837
                }
            }
        },
        "2": {
            "fold": {
                "1": {
                    "val_mae": 0.4058986008167267
                },
                "2": {
                    "val_mae": 0.3967458605766296
                },
                "3": {
                    "val_mae": 0.3947769999504089
                },
                "4": {
                    "val_mae": 0.3840609490871429
                },
                "5": {
                    "val_mae": 0.3793056011199951
                }
            }
        }
    },
    "mean_mae": 0.38831709027290345,
    "std_mae": 0.008182688970596494
}