{
    "representation": "skipspecies_induced",
    "pooling": "sum",
    "dimension": 86,
    "task": "band_gap",
    "classification": false,
    "repeat": {
        "1": {
            "fold": {
                "1": {
                    "val_mae": 0.3914765119552612
                },
                "2": {
                    "val_mae": 0.3881405591964721
                },
                "3": {
                    "val_mae": 0.3915097713470459
                },
                "4": {
                    "val_mae": 0.3981319069862366
                },
                "5": {
                    "val_mae": 0.3910784721374511
                }
            }
        },
        "2": {
            "fold": {
                "1": {
                    "val_mae": 0.3873538970947265
                },
                "2": {
                    "val_mae": 0.3889051675796509
                },
                "3": {
                    "val_mae": 0.387161523103714
                },
                "4": {
                    "val_mae": 0.3904873728752136
                },
                "5": {
                    "val_mae": 0.3878964781761169
                }
            }
        }
    },
    "mean_mae": 0.3902141660451889,
    "std_mae": 0.0030930432538019545
}