{
    "representation": "skipspecies_induced",
    "pooling": "max",
    "dimension": 30,
    "task": "formation_energy_per_atom",
    "classification": false,
    "repeat": {
        "1": {
            "fold": {
                "1": {
                    "val_mae": 0.14433653652668
                },
                "2": {
                    "val_mae": 0.1427249312400818
                },
                "3": {
                    "val_mae": 0.138877660036087
                },
                "4": {
                    "val_mae": 0.1487389802932739
                },
                "5": {
                    "val_mae": 0.1460124850273132
                }
            }
        },
        "2": {
            "fold": {
                "1": {
                    "val_mae": 0.1384939700365066
                },
                "2": {
                    "val_mae": 0.1437272280454635
                },
                "3": {
                    "val_mae": 0.1443235725164413
                },
                "4": {
                    "val_mae": 0.1454603374004364
                },
                "5": {
                    "val_mae": 0.1446495652198791
                }
            }
        }
    },
    "mean_mae": 0.1437345266342163,
    "std_mae": 0.0029467046505793053
}