{
    "representation": "skipspecies_induced",
    "pooling": "sum",
    "dimension": 200,
    "task": "is_metal",
    "classification": true,
    "repeat": {
        "1": {
            "fold": {
                "1": {
                    "val_auc": 0.899319589138031
                },
                "2": {
                    "val_auc": 0.8931862711906433
                },
                "3": {
                    "val_auc": 0.8943259716033936
                },
                "4": {
                    "val_auc": 0.892566978931427
                },
                "5": {
                    "val_auc": 0.8970617055892944
                }
            }
        },
        "2": {
            "fold": {
                "1": {
                    "val_auc": 0.8928123712539673
                },
                "2": {
                    "val_auc": 0.8864505290985107
                },
                "3": {
                    "val_auc": 0.888901948928833
                },
                "4": {
                    "val_auc": 0.8954183459281921
                },
                "5": {
                    "val_auc": 0.8985088467597961
                }
            }
        }
    },
    "mean_auc": 0.8938552558422088,
    "std_auc": 0.0038343320718947156
}