{
    "representation": "skipspecies_induced",
    "pooling": "sum",
    "dimension": 30,
    "task": "is_magnetic",
    "classification": true,
    "repeat": {
        "1": {
            "fold": {
                "1": {
                    "val_auc": 0.9546192288398744
                },
                "2": {
                    "val_auc": 0.9599125981330872
                },
                "3": {
                    "val_auc": 0.9528955221176147
                },
                "4": {
                    "val_auc": 0.9523260593414308
                },
                "5": {
                    "val_auc": 0.9520639777183532
                }
            }
        },
        "2": {
            "fold": {
                "1": {
                    "val_auc": 0.9545602798461914
                },
                "2": {
                    "val_auc": 0.9534581899642944
                },
                "3": {
                    "val_auc": 0.9565906524658204
                },
                "4": {
                    "val_auc": 0.9583934545516968
                },
                "5": {
                    "val_auc": 0.9535263180732728
                }
            }
        }
    },
    "mean_auc": 0.9548346281051636,
    "std_auc": 0.002509823112918209
}