{
    "representation": "skipspecies_induced",
    "pooling": "max",
    "dimension": 200,
    "task": "is_metal",
    "classification": true,
    "repeat": {
        "1": {
            "fold": {
                "1": {
                    "val_auc": 0.8792670369148254
                },
                "2": {
                    "val_auc": 0.8906377553939819
                },
                "3": {
                    "val_auc": 0.8817199468612671
                },
                "4": {
                    "val_auc": 0.8879785537719727
                },
                "5": {
                    "val_auc": 0.8769720196723938
                }
            }
        },
        "2": {
            "fold": {
                "1": {
                    "val_auc": 0.8763562440872192
                },
                "2": {
                    "val_auc": 0.8804469108581543
                },
                "3": {
                    "val_auc": 0.8804114460945129
                },
                "4": {
                    "val_auc": 0.8886590600013733
                },
                "5": {
                    "val_auc": 0.8958469033241272
                }
            }
        }
    },
    "mean_auc": 0.8838295876979828,
    "std_auc": 0.0061852687664368175
}