{
    "representation": "skipspecies_induced",
    "pooling": "sum",
    "dimension": 100,
    "task": "formation_energy_per_atom",
    "classification": false,
    "repeat": {
        "1": {
            "fold": {
                "1": {
                    "val_mae": 0.0791709572076797
                },
                "2": {
                    "val_mae": 0.0799802467226982
                },
                "3": {
                    "val_mae": 0.0782113894820213
                },
                "4": {
                    "val_mae": 0.0795281827449798
                },
                "5": {
                    "val_mae": 0.0798789411783218
                }
            }
        },
        "2": {
            "fold": {
                "1": {
                    "val_mae": 0.0744225457310676
                },
                "2": {
                    "val_mae": 0.079502172768116
                },
                "3": {
                    "val_mae": 0.0903008431196212
                },
                "4": {
                    "val_mae": 0.0815338417887687
                },
                "5": {
                    "val_mae": 0.0813813731074333
                }
            }
        }
    },
    "mean_mae": 0.08039104938507076,
    "std_mae": 0.003798933529532769
}