{
    "representation": "skipspecies_induced",
    "pooling": "sum",
    "dimension": 86,
    "task": "is_metal",
    "classification": true,
    "repeat": {
        "1": {
            "fold": {
                "1": {
                    "val_auc": 0.8917299509048462
                },
                "2": {
                    "val_auc": 0.8867428302764893
                },
                "3": {
                    "val_auc": 0.8968933820724487
                },
                "4": {
                    "val_auc": 0.8903277516365051
                },
                "5": {
                    "val_auc": 0.8929772973060608
                }
            }
        },
        "2": {
            "fold": {
                "1": {
                    "val_auc": 0.8964149355888367
                },
                "2": {
                    "val_auc": 0.8910038471221924
                },
                "3": {
                    "val_auc": 0.8970277309417725
                },
                "4": {
                    "val_auc": 0.901255190372467
                },
                "5": {
                    "val_auc": 0.8943780660629272
                }
            }
        }
    },
    "mean_auc": 0.8938750982284546,
    "std_auc": 0.003966400652169593
}