{
    "representation": "skipspecies_induced",
    "pooling": "mean",
    "dimension": 400,
    "task": "formation_energy_per_atom",
    "classification": false,
    "repeat": {
        "1": {
            "fold": {
                "1": {
                    "val_mae": 0.0764088705182075
                },
                "2": {
                    "val_mae": 0.0757578462362289
                },
                "3": {
                    "val_mae": 0.0743704736232757
                },
                "4": {
                    "val_mae": 0.0778234675526619
                },
                "5": {
                    "val_mae": 0.0753065198659896
                }
            }
        },
        "2": {
            "fold": {
                "1": {
                    "val_mae": 0.0803548917174339
                },
                "2": {
                    "val_mae": 0.0816516429185867
                },
                "3": {
                    "val_mae": 0.0755662098526954
                },
                "4": {
                    "val_mae": 0.0834142416715622
                },
                "5": {
                    "val_mae": 0.0764116197824478
                }
            }
        }
    },
    "mean_mae": 0.07770657837390896,
    "std_mae": 0.002894784184678787
}