{
    "representation": "skipspecies_induced",
    "pooling": "sum",
    "dimension": 30,
    "task": "is_metal",
    "classification": true,
    "repeat": {
        "1": {
            "fold": {
                "1": {
                    "val_auc": 0.8974723219871521
                },
                "2": {
                    "val_auc": 0.894925057888031
                },
                "3": {
                    "val_auc": 0.8876095414161682
                },
                "4": {
                    "val_auc": 0.8891841769218445
                },
                "5": {
                    "val_auc": 0.895744264125824
                }
            }
        },
        "2": {
            "fold": {
                "1": {
                    "val_auc": 0.8895594477653503
                },
                "2": {
                    "val_auc": 0.8888528943061829
                },
                "3": {
                    "val_auc": 0.8891037702560425
                },
                "4": {
                    "val_auc": 0.8891558051109314
                },
                "5": {
                    "val_auc": 0.8968245387077332
                }
            }
        }
    },
    "mean_auc": 0.891843181848526,
    "std_auc": 0.003675529713907163
}