{
    "representation": "skipspecies_induced",
    "pooling": "mean",
    "dimension": 100,
    "task": "band_gap",
    "classification": false,
    "repeat": {
        "1": {
            "fold": {
                "1": {
                    "val_mae": 0.3831893801689148
                },
                "2": {
                    "val_mae": 0.3814423084259033
                },
                "3": {
                    "val_mae": 0.3980195820331573
                },
                "4": {
                    "val_mae": 0.3952505886554718
                },
                "5": {
                    "val_mae": 0.3959389328956604
                }
            }
        },
        "2": {
            "fold": {
                "1": {
                    "val_mae": 0.3854861557483673
                },
                "2": {
                    "val_mae": 0.3963786363601684
                },
                "3": {
                    "val_mae": 0.3972462713718414
                },
                "4": {
                    "val_mae": 0.389838844537735
                },
                "5": {
                    "val_mae": 0.3826679587364197
                }
            }
        }
    },
    "mean_mae": 0.39054586589336393,
    "std_mae": 0.006412076681479348
}