{
    "representation": "skipspecies_induced",
    "pooling": "max",
    "dimension": 200,
    "task": "is_magnetic",
    "classification": true,
    "repeat": {
        "1": {
            "fold": {
                "1": {
                    "val_auc": 0.9526357054710388
                },
                "2": {
                    "val_auc": 0.9467765092849731
                },
                "3": {
                    "val_auc": 0.9433361887931824
                },
                "4": {
                    "val_auc": 0.949009895324707
                },
                "5": {
                    "val_auc": 0.9520758390426636
                }
            }
        },
        "2": {
            "fold": {
                "1": {
                    "val_auc": 0.9486023783683776
                },
                "2": {
                    "val_auc": 0.9505345225334167
                },
                "3": {
                    "val_auc": 0.9495738744735718
                },
                "4": {
                    "val_auc": 0.9455862641334534
                },
                "5": {
                    "val_auc": 0.9479901194572448
                }
            }
        }
    },
    "mean_auc": 0.9486121296882629,
    "std_auc": 0.002715015987449746
}