{
    "representation": "skipspecies_induced",
    "pooling": "sum",
    "dimension": 400,
    "task": "formation_energy_per_atom",
    "classification": false,
    "repeat": {
        "1": {
            "fold": {
                "1": {
                    "val_mae": 0.0774254128336906
                },
                "2": {
                    "val_mae": 0.0764345824718475
                },
                "3": {
                    "val_mae": 0.0759576931595802
                },
                "4": {
                    "val_mae": 0.0771423801779747
                },
                "5": {
                    "val_mae": 0.0790622606873512
                }
            }
        },
        "2": {
            "fold": {
                "1": {
                    "val_mae": 0.071649394929409
                },
                "2": {
                    "val_mae": 0.0781461894512176
                },
                "3": {
                    "val_mae": 0.0787855088710784
                },
                "4": {
                    "val_mae": 0.0780353024601936
                },
                "5": {
                    "val_mae": 0.0754541829228401
                }
            }
        }
    },
    "mean_mae": 0.0768092907965183,
    "std_mae": 0.0020515539547592467
}