{
    "representation": "skipspecies_induced",
    "pooling": "mean",
    "dimension": 86,
    "task": "is_metal",
    "classification": true,
    "repeat": {
        "1": {
            "fold": {
                "1": {
                    "val_auc": 0.9042870998382568
                },
                "2": {
                    "val_auc": 0.9009366035461426
                },
                "3": {
                    "val_auc": 0.894258975982666
                },
                "4": {
                    "val_auc": 0.8908251523971558
                },
                "5": {
                    "val_auc": 0.8995534777641296
                }
            }
        },
        "2": {
            "fold": {
                "1": {
                    "val_auc": 0.8921167254447937
                },
                "2": {
                    "val_auc": 0.8902963995933533
                },
                "3": {
                    "val_auc": 0.890237033367157
                },
                "4": {
                    "val_auc": 0.8963035941123962
                },
                "5": {
                    "val_auc": 0.8969708681106567
                }
            }
        }
    },
    "mean_auc": 0.8955785930156708,
    "std_auc": 0.004642898598427678
}