{
    "representation": "skipspecies_induced",
    "pooling": "max",
    "dimension": 86,
    "task": "band_gap",
    "classification": false,
    "repeat": {
        "1": {
            "fold": {
                "1": {
                    "val_mae": 0.4398102462291717
                },
                "2": {
                    "val_mae": 0.4657614529132843
                },
                "3": {
                    "val_mae": 0.4459749162197113
                },
                "4": {
                    "val_mae": 0.4781377017498016
                },
                "5": {
                    "val_mae": 0.4544647932052612
                }
            }
        },
        "2": {
            "fold": {
                "1": {
                    "val_mae": 0.4402280747890472
                },
                "2": {
                    "val_mae": 0.4477532207965851
                },
                "3": {
                    "val_mae": 0.4448111057281494
                },
                "4": {
                    "val_mae": 0.5507155060768127
                },
                "5": {
                    "val_mae": 0.4422073066234588
                }
            }
        }
    },
    "mean_mae": 0.46098643243312837,
    "std_mae": 0.03210125517575101
}