{
    "representation": "skipspecies_induced",
    "pooling": "sum",
    "dimension": 100,
    "task": "formation_energy_per_atom",
    "classification": false,
    "repeat": {
        "1": {
            "fold": {
                "1": {
                    "val_mae": 0.0794398188591003
                },
                "2": {
                    "val_mae": 0.0808772221207618
                },
                "3": {
                    "val_mae": 0.0813665688037872
                },
                "4": {
                    "val_mae": 0.0797000452876091
                },
                "5": {
                    "val_mae": 0.0820600688457489
                }
            }
        },
        "2": {
            "fold": {
                "1": {
                    "val_mae": 0.0759118571877479
                },
                "2": {
                    "val_mae": 0.0800491943955421
                },
                "3": {
                    "val_mae": 0.0832028165459632
                },
                "4": {
                    "val_mae": 0.0802636742591857
                },
                "5": {
                    "val_mae": 0.0778962969779968
                }
            }
        }
    },
    "mean_mae": 0.08007675632834431,
    "std_mae": 0.0019670848757315763
}