{
    "representation": "skipspecies_induced",
    "pooling": "max",
    "dimension": 86,
    "task": "band_gap",
    "classification": false,
    "repeat": {
        "1": {
            "fold": {
                "1": {
                    "val_mae": 0.4718719124794006
                },
                "2": {
                    "val_mae": 0.444894790649414
                },
                "3": {
                    "val_mae": 0.4489356875419616
                },
                "4": {
                    "val_mae": 0.453203409910202
                },
                "5": {
                    "val_mae": 0.4434294402599334
                }
            }
        },
        "2": {
            "fold": {
                "1": {
                    "val_mae": 0.4377703666687011
                },
                "2": {
                    "val_mae": 0.4514654576778412
                },
                "3": {
                    "val_mae": 0.4503112733364105
                },
                "4": {
                    "val_mae": 0.4482799768447876
                },
                "5": {
                    "val_mae": 0.427031546831131
                }
            }
        }
    },
    "mean_mae": 0.4477193862199783,
    "std_mae": 0.010905573284248002
}