{
    "representation": "skipspecies_induced",
    "pooling": "sum",
    "dimension": 300,
    "task": "formation_energy_per_atom",
    "classification": false,
    "repeat": {
        "1": {
            "fold": {
                "1": {
                    "val_mae": 0.0766372978687286
                },
                "2": {
                    "val_mae": 0.0788582265377044
                },
                "3": {
                    "val_mae": 0.0752565413713455
                },
                "4": {
                    "val_mae": 0.0773272737860679
                },
                "5": {
                    "val_mae": 0.0762952417135238
                }
            }
        },
        "2": {
            "fold": {
                "1": {
                    "val_mae": 0.0719559416174888
                },
                "2": {
                    "val_mae": 0.0773229748010635
                },
                "3": {
                    "val_mae": 0.0756739675998687
                },
                "4": {
                    "val_mae": 0.0794582515954971
                },
                "5": {
                    "val_mae": 0.0773105919361114
                }
            }
        }
    },
    "mean_mae": 0.07660963088273998,
    "std_mae": 0.001978605227417302
}