{
    "representation": "skipspecies_induced",
    "pooling": "mean",
    "dimension": 100,
    "task": "band_gap",
    "classification": false,
    "repeat": {
        "1": {
            "fold": {
                "1": {
                    "val_mae": 0.3872071206569671
                },
                "2": {
                    "val_mae": 0.3830346167087555
                },
                "3": {
                    "val_mae": 0.3934207260608673
                },
                "4": {
                    "val_mae": 0.3943611979484558
                },
                "5": {
                    "val_mae": 0.3829160630702972
                }
            }
        },
        "2": {
            "fold": {
                "1": {
                    "val_mae": 0.3873348832130432
                },
                "2": {
                    "val_mae": 0.3912026882171631
                },
                "3": {
                    "val_mae": 0.38248211145401
                },
                "4": {
                    "val_mae": 0.3892058730125427
                },
                "5": {
                    "val_mae": 0.3891671597957611
                }
            }
        }
    },
    "mean_mae": 0.3880332440137863,
    "std_mae": 0.004061172739277254
}