{
    "representation": "skipspecies_induced",
    "pooling": "mean",
    "dimension": 200,
    "task": "is_metal",
    "classification": true,
    "repeat": {
        "1": {
            "fold": {
                "1": {
                    "val_auc": 0.9067561030387878
                },
                "2": {
                    "val_auc": 0.9025182723999025
                },
                "3": {
                    "val_auc": 0.891737699508667
                },
                "4": {
                    "val_auc": 0.8956072926521301
                },
                "5": {
                    "val_auc": 0.8995374441146851
                }
            }
        },
        "2": {
            "fold": {
                "1": {
                    "val_auc": 0.8930610418319702
                },
                "2": {
                    "val_auc": 0.8989087343215942
                },
                "3": {
                    "val_auc": 0.8992565870285034
                },
                "4": {
                    "val_auc": 0.8938654661178589
                },
                "5": {
                    "val_auc": 0.8994023203849792
                }
            }
        }
    },
    "mean_auc": 0.8980650961399078,
    "std_auc": 0.004361260492461515
}