{
    "representation": "skipspecies_induced",
    "pooling": "sum",
    "dimension": 300,
    "task": "is_metal",
    "classification": true,
    "repeat": {
        "1": {
            "fold": {
                "1": {
                    "val_auc": 0.8963668942451477
                },
                "2": {
                    "val_auc": 0.9013268947601318
                },
                "3": {
                    "val_auc": 0.8980295062065125
                },
                "4": {
                    "val_auc": 0.8877796530723572
                },
                "5": {
                    "val_auc": 0.8994203805923462
                }
            }
        },
        "2": {
            "fold": {
                "1": {
                    "val_auc": 0.8933167457580566
                },
                "2": {
                    "val_auc": 0.8961102962493896
                },
                "3": {
                    "val_auc": 0.8913571834564209
                },
                "4": {
                    "val_auc": 0.8907612562179565
                },
                "5": {
                    "val_auc": 0.903849482536316
                }
            }
        }
    },
    "mean_auc": 0.8958318293094635,
    "std_auc": 0.004790054116180345
}