{
    "representation": "skipspecies_induced",
    "pooling": "mean",
    "dimension": 30,
    "task": "band_gap",
    "classification": false,
    "repeat": {
        "1": {
            "fold": {
                "1": {
                    "val_mae": 0.4115281403064728
                },
                "2": {
                    "val_mae": 0.414297342300415
                },
                "3": {
                    "val_mae": 0.4169934391975403
                },
                "4": {
                    "val_mae": 0.4102044701576233
                },
                "5": {
                    "val_mae": 0.414199948310852
                }
            }
        },
        "2": {
            "fold": {
                "1": {
                    "val_mae": 0.4093967080116272
                },
                "2": {
                    "val_mae": 0.413153201341629
                },
                "3": {
                    "val_mae": 0.4021323025226593
                },
                "4": {
                    "val_mae": 0.4231805801391601
                },
                "5": {
                    "val_mae": 0.4045554995536804
                }
            }
        }
    },
    "mean_mae": 0.41196416318416595,
    "std_mae": 0.005695525793160703
}