{
    "representation": "skipspecies_induced",
    "pooling": "mean",
    "dimension": 300,
    "task": "formation_energy_per_atom",
    "classification": false,
    "repeat": {
        "1": {
            "fold": {
                "1": {
                    "val_mae": 0.0769663378596305
                },
                "2": {
                    "val_mae": 0.0782899931073188
                },
                "3": {
                    "val_mae": 0.0773484632372856
                },
                "4": {
                    "val_mae": 0.0771396234631538
                },
                "5": {
                    "val_mae": 0.0750664100050926
                }
            }
        },
        "2": {
            "fold": {
                "1": {
                    "val_mae": 0.0735368952155113
                },
                "2": {
                    "val_mae": 0.0879157334566116
                },
                "3": {
                    "val_mae": 0.0796738341450691
                },
                "4": {
                    "val_mae": 0.0762568414211273
                },
                "5": {
                    "val_mae": 0.0798875018954277
                }
            }
        }
    },
    "mean_mae": 0.07820816338062284,
    "std_mae": 0.003716638157937622
}