{
    "representation": "skipspecies_induced",
    "pooling": "max",
    "dimension": 200,
    "task": "band_gap",
    "classification": false,
    "repeat": {
        "1": {
            "fold": {
                "1": {
                    "val_mae": 0.4375569522380829
                },
                "2": {
                    "val_mae": 0.4476749300956726
                },
                "3": {
                    "val_mae": 0.4407071769237518
                },
                "4": {
                    "val_mae": 0.4551454782485962
                },
                "5": {
                    "val_mae": 0.4531053006649017
                }
            }
        },
        "2": {
            "fold": {
                "1": {
                    "val_mae": 0.4388758838176727
                },
                "2": {
                    "val_mae": 0.4558875560760498
                },
                "3": {
                    "val_mae": 0.4364891648292541
                },
                "4": {
                    "val_mae": 0.4503662288188934
                },
                "5": {
                    "val_mae": 0.4419357478618622
                }
            }
        }
    },
    "mean_mae": 0.44577444195747373,
    "std_mae": 0.00714335782250408
}