{
    "representation": "skipspecies_induced",
    "pooling": "max",
    "dimension": 400,
    "task": "is_magnetic",
    "classification": true,
    "repeat": {
        "1": {
            "fold": {
                "1": {
                    "val_auc": 0.9542953968048096
                },
                "2": {
                    "val_auc": 0.95680832862854
                },
                "3": {
                    "val_auc": 0.9510342478752136
                },
                "4": {
                    "val_auc": 0.9567333459854126
                },
                "5": {
                    "val_auc": 0.9531247615814208
                }
            }
        },
        "2": {
            "fold": {
                "1": {
                    "val_auc": 0.957261085510254
                },
                "2": {
                    "val_auc": 0.9521465301513672
                },
                "3": {
                    "val_auc": 0.9524134993553162
                },
                "4": {
                    "val_auc": 0.9519484043121338
                },
                "5": {
                    "val_auc": 0.9573481678962708
                }
            }
        }
    },
    "mean_auc": 0.9543113768100738,
    "std_auc": 0.0023673531341839547
}