{
    "representation": "skipspecies_induced",
    "pooling": "mean",
    "dimension": 30,
    "task": "formation_energy_per_atom",
    "classification": false,
    "repeat": {
        "1": {
            "fold": {
                "1": {
                    "val_mae": 0.0924772694706916
                },
                "2": {
                    "val_mae": 0.0898403227329254
                },
                "3": {
                    "val_mae": 0.0854906737804412
                },
                "4": {
                    "val_mae": 0.0886634290218353
                },
                "5": {
                    "val_mae": 0.0876818299293518
                }
            }
        },
        "2": {
            "fold": {
                "1": {
                    "val_mae": 0.0863518863916397
                },
                "2": {
                    "val_mae": 0.0884044542908668
                },
                "3": {
                    "val_mae": 0.0904901772737503
                },
                "4": {
                    "val_mae": 0.0874299705028534
                },
                "5": {
                    "val_mae": 0.0998393297195434
                }
            }
        }
    },
    "mean_mae": 0.0896669343113899,
    "std_mae": 0.003899482330470307
}