{
    "representation": "skipspecies_induced",
    "pooling": "mean",
    "dimension": 86,
    "task": "formation_energy_per_atom",
    "classification": false,
    "repeat": {
        "1": {
            "fold": {
                "1": {
                    "val_mae": 0.0785487666726112
                },
                "2": {
                    "val_mae": 0.0790558457374572
                },
                "3": {
                    "val_mae": 0.0829303041100502
                },
                "4": {
                    "val_mae": 0.0777611583471298
                },
                "5": {
                    "val_mae": 0.0817008018493652
                }
            }
        },
        "2": {
            "fold": {
                "1": {
                    "val_mae": 0.0764867216348648
                },
                "2": {
                    "val_mae": 0.086410254240036
                },
                "3": {
                    "val_mae": 0.0783499479293823
                },
                "4": {
                    "val_mae": 0.076372317969799
                },
                "5": {
                    "val_mae": 0.0794130638241767
                }
            }
        }
    },
    "mean_mae": 0.07970291823148724,
    "std_mae": 0.0029710011417078334
}