{
    "representation": "skipspecies_induced",
    "pooling": "max",
    "dimension": 86,
    "task": "is_metal",
    "classification": true,
    "repeat": {
        "1": {
            "fold": {
                "1": {
                    "val_auc": 0.8837765455245972
                },
                "2": {
                    "val_auc": 0.8804735541343689
                },
                "3": {
                    "val_auc": 0.871891438961029
                },
                "4": {
                    "val_auc": 0.8820163607597351
                },
                "5": {
                    "val_auc": 0.8752418160438538
                }
            }
        },
        "2": {
            "fold": {
                "1": {
                    "val_auc": 0.8697951436042786
                },
                "2": {
                    "val_auc": 0.8917340040206909
                },
                "3": {
                    "val_auc": 0.8871951699256897
                },
                "4": {
                    "val_auc": 0.8772186040878296
                },
                "5": {
                    "val_auc": 0.8878832459449768
                }
            }
        }
    },
    "mean_auc": 0.8807225883007049,
    "std_auc": 0.006820543548828707
}