{
    "representation": "skipspecies_induced",
    "pooling": "max",
    "dimension": 100,
    "task": "band_gap",
    "classification": false,
    "repeat": {
        "1": {
            "fold": {
                "1": {
                    "val_mae": 0.4646030366420746
                },
                "2": {
                    "val_mae": 0.4606130719184875
                },
                "3": {
                    "val_mae": 0.4662091135978699
                },
                "4": {
                    "val_mae": 0.4641676247119903
                },
                "5": {
                    "val_mae": 0.4651163220405578
                }
            }
        },
        "2": {
            "fold": {
                "1": {
                    "val_mae": 0.4454948902130127
                },
                "2": {
                    "val_mae": 0.472885400056839
                },
                "3": {
                    "val_mae": 0.4550929963588714
                },
                "4": {
                    "val_mae": 0.4578195512294769
                },
                "5": {
                    "val_mae": 0.4567598104476928
                }
            }
        }
    },
    "mean_mae": 0.4608761817216873,
    "std_mae": 0.007153666280393709
}