{
    "representation": "skipspecies_induced",
    "pooling": "max",
    "dimension": 300,
    "task": "is_metal",
    "classification": true,
    "repeat": {
        "1": {
            "fold": {
                "1": {
                    "val_auc": 0.8859699368476868
                },
                "2": {
                    "val_auc": 0.890402615070343
                },
                "3": {
                    "val_auc": 0.8927392363548279
                },
                "4": {
                    "val_auc": 0.8864260315895081
                },
                "5": {
                    "val_auc": 0.8893125057220459
                }
            }
        },
        "2": {
            "fold": {
                "1": {
                    "val_auc": 0.8857148885726929
                },
                "2": {
                    "val_auc": 0.889224648475647
                },
                "3": {
                    "val_auc": 0.880989670753479
                },
                "4": {
                    "val_auc": 0.8869318962097168
                },
                "5": {
                    "val_auc": 0.8888841867446899
                }
            }
        }
    },
    "mean_auc": 0.8876595616340637,
    "std_auc": 0.003052605247951365
}