{
    "representation": "skipspecies_induced",
    "pooling": "sum",
    "dimension": 400,
    "task": "band_gap",
    "classification": false,
    "repeat": {
        "1": {
            "fold": {
                "1": {
                    "val_mae": 0.3795980513095855
                },
                "2": {
                    "val_mae": 0.3837414681911468
                },
                "3": {
                    "val_mae": 0.3783890008926391
                },
                "4": {
                    "val_mae": 0.3932571113109588
                },
                "5": {
                    "val_mae": 0.3847667276859283
                }
            }
        },
        "2": {
            "fold": {
                "1": {
                    "val_mae": 0.3732507824897766
                },
                "2": {
                    "val_mae": 0.3857339918613434
                },
                "3": {
                    "val_mae": 0.3800674080848694
                },
                "4": {
                    "val_mae": 0.406307190656662
                },
                "5": {
                    "val_mae": 0.3853914737701416
                }
            }
        }
    },
    "mean_mae": 0.3850503206253052,
    "std_mae": 0.008716319104039163
}