{
    "representation": "skipspecies_induced",
    "pooling": "mean",
    "dimension": 86,
    "task": "is_magnetic",
    "classification": true,
    "repeat": {
        "1": {
            "fold": {
                "1": {
                    "val_auc": 0.9593268036842346
                },
                "2": {
                    "val_auc": 0.9619347453117372
                },
                "3": {
                    "val_auc": 0.9564958214759828
                },
                "4": {
                    "val_auc": 0.958581805229187
                },
                "5": {
                    "val_auc": 0.9566946625709534
                }
            }
        },
        "2": {
            "fold": {
                "1": {
                    "val_auc": 0.9638554453849792
                },
                "2": {
                    "val_auc": 0.9565495252609252
                },
                "3": {
                    "val_auc": 0.9590895175933838
                },
                "4": {
                    "val_auc": 0.9572319388389589
                },
                "5": {
                    "val_auc": 0.9529244899749756
                }
            }
        }
    },
    "mean_auc": 0.9582684755325317,
    "std_auc": 0.002911265702443408
}