{
    "representation": "skipspecies_induced",
    "pooling": "sum",
    "dimension": 30,
    "task": "band_gap",
    "classification": false,
    "repeat": {
        "1": {
            "fold": {
                "1": {
                    "val_mae": 0.4140813648700714
                },
                "2": {
                    "val_mae": 0.4095730185508728
                },
                "3": {
                    "val_mae": 0.4001140296459198
                },
                "4": {
                    "val_mae": 0.4114495813846588
                },
                "5": {
                    "val_mae": 0.4092719852924347
                }
            }
        },
        "2": {
            "fold": {
                "1": {
                    "val_mae": 0.4151826500892639
                },
                "2": {
                    "val_mae": 0.4070801138877868
                },
                "3": {
                    "val_mae": 0.4068894386291504
                },
                "4": {
                    "val_mae": 0.4221068024635315
                },
                "5": {
                    "val_mae": 0.3988488614559173
                }
            }
        }
    },
    "mean_mae": 0.40945978462696075,
    "std_mae": 0.006559489103070218
}