{
    "representation": "skipspecies_induced",
    "pooling": "sum",
    "dimension": 100,
    "task": "band_gap",
    "classification": false,
    "repeat": {
        "1": {
            "fold": {
                "1": {
                    "val_mae": 0.3892312347888946
                },
                "2": {
                    "val_mae": 0.3998338282108307
                },
                "3": {
                    "val_mae": 0.4000856578350067
                },
                "4": {
                    "val_mae": 0.3845938146114349
                },
                "5": {
                    "val_mae": 0.3911624848842621
                }
            }
        },
        "2": {
            "fold": {
                "1": {
                    "val_mae": 0.4122419953346252
                },
                "2": {
                    "val_mae": 0.3909817934036255
                },
                "3": {
                    "val_mae": 0.3986942172050476
                },
                "4": {
                    "val_mae": 0.396674782037735
                },
                "5": {
                    "val_mae": 0.3786671161651611
                }
            }
        }
    },
    "mean_mae": 0.39421669244766233,
    "std_mae": 0.008922082658221538
}