{
    "representation": "skipspecies_induced",
    "pooling": "mean",
    "dimension": 300,
    "task": "is_metal",
    "classification": true,
    "repeat": {
        "1": {
            "fold": {
                "1": {
                    "val_auc": 0.9002115726470947
                },
                "2": {
                    "val_auc": 0.897494375705719
                },
                "3": {
                    "val_auc": 0.8912933468818665
                },
                "4": {
                    "val_auc": 0.8957051038742065
                },
                "5": {
                    "val_auc": 0.8906619548797607
                }
            }
        },
        "2": {
            "fold": {
                "1": {
                    "val_auc": 0.8955909013748169
                },
                "2": {
                    "val_auc": 0.8948628902435303
                },
                "3": {
                    "val_auc": 0.8971183896064758
                },
                "4": {
                    "val_auc": 0.8944152593612671
                },
                "5": {
                    "val_auc": 0.8894853591918945
                }
            }
        }
    },
    "mean_auc": 0.8946839153766633,
    "std_auc": 0.003178790837800778
}