{
    "representation": "skipspecies_induced",
    "pooling": "max",
    "dimension": 300,
    "task": "band_gap",
    "classification": false,
    "repeat": {
        "1": {
            "fold": {
                "1": {
                    "val_mae": 0.4410994052886963
                },
                "2": {
                    "val_mae": 0.4268578886985779
                },
                "3": {
                    "val_mae": 0.4239826500415802
                },
                "4": {
                    "val_mae": 0.4313026368618011
                },
                "5": {
                    "val_mae": 0.4375979304313659
                }
            }
        },
        "2": {
            "fold": {
                "1": {
                    "val_mae": 0.4360676109790802
                },
                "2": {
                    "val_mae": 0.4436351954936981
                },
                "3": {
                    "val_mae": 0.4258046448230743
                },
                "4": {
                    "val_mae": 0.4316100776195526
                },
                "5": {
                    "val_mae": 0.4222149848937988
                }
            }
        }
    },
    "mean_mae": 0.43201730251312254,
    "std_mae": 0.0070110109927498734
}