{
    "representation": "skipspecies_induced",
    "pooling": "mean",
    "dimension": 400,
    "task": "formation_energy_per_atom",
    "classification": false,
    "repeat": {
        "1": {
            "fold": {
                "1": {
                    "val_mae": 0.0747608318924903
                },
                "2": {
                    "val_mae": 0.0761957094073295
                },
                "3": {
                    "val_mae": 0.0766578391194343
                },
                "4": {
                    "val_mae": 0.0771037116646766
                },
                "5": {
                    "val_mae": 0.0810460224747657
                }
            }
        },
        "2": {
            "fold": {
                "1": {
                    "val_mae": 0.0732500553131103
                },
                "2": {
                    "val_mae": 0.0782904326915741
                },
                "3": {
                    "val_mae": 0.0779376775026321
                },
                "4": {
                    "val_mae": 0.0778123661875724
                },
                "5": {
                    "val_mae": 0.0738811418414115
                }
            }
        }
    },
    "mean_mae": 0.07669357880949967,
    "std_mae": 0.0021957618626896208
}