{
    "representation": "skipspecies_induced",
    "pooling": "sum",
    "dimension": 300,
    "task": "is_magnetic",
    "classification": true,
    "repeat": {
        "1": {
            "fold": {
                "1": {
                    "val_auc": 0.96128249168396
                },
                "2": {
                    "val_auc": 0.9589035511016846
                },
                "3": {
                    "val_auc": 0.9543691873550416
                },
                "4": {
                    "val_auc": 0.9610018730163574
                },
                "5": {
                    "val_auc": 0.9637022614479064
                }
            }
        },
        "2": {
            "fold": {
                "1": {
                    "val_auc": 0.9646655321121216
                },
                "2": {
                    "val_auc": 0.9599448442459106
                },
                "3": {
                    "val_auc": 0.9546547532081604
                },
                "4": {
                    "val_auc": 0.9635721445083618
                },
                "5": {
                    "val_auc": 0.9615898728370668
                }
            }
        }
    },
    "mean_auc": 0.9603686511516571,
    "std_auc": 0.003369485066606249
}