{
    "representation": "skipspecies_induced",
    "pooling": "max",
    "dimension": 400,
    "task": "is_metal",
    "classification": true,
    "repeat": {
        "1": {
            "fold": {
                "1": {
                    "val_auc": 0.8938960433006287
                },
                "2": {
                    "val_auc": 0.8985856771469116
                },
                "3": {
                    "val_auc": 0.8870000243186951
                },
                "4": {
                    "val_auc": 0.890703022480011
                },
                "5": {
                    "val_auc": 0.8920538425445557
                }
            }
        },
        "2": {
            "fold": {
                "1": {
                    "val_auc": 0.890724241733551
                },
                "2": {
                    "val_auc": 0.8875463604927063
                },
                "3": {
                    "val_auc": 0.8900831341743469
                },
                "4": {
                    "val_auc": 0.8831005096435547
                },
                "5": {
                    "val_auc": 0.886626660823822
                }
            }
        }
    },
    "mean_auc": 0.8900319516658783,
    "std_auc": 0.004100357653461847
}