{
    "representation": "skipspecies_induced",
    "pooling": "mean",
    "dimension": 200,
    "task": "is_magnetic",
    "classification": true,
    "repeat": {
        "1": {
            "fold": {
                "1": {
                    "val_auc": 0.9612651467323304
                },
                "2": {
                    "val_auc": 0.9621797800064088
                },
                "3": {
                    "val_auc": 0.9581112265586852
                },
                "4": {
                    "val_auc": 0.9588525891304016
                },
                "5": {
                    "val_auc": 0.956254541873932
                }
            }
        },
        "2": {
            "fold": {
                "1": {
                    "val_auc": 0.9629662036895752
                },
                "2": {
                    "val_auc": 0.9615045189857484
                },
                "3": {
                    "val_auc": 0.9577462673187256
                },
                "4": {
                    "val_auc": 0.9632031321525574
                },
                "5": {
                    "val_auc": 0.9610150456428528
                }
            }
        }
    },
    "mean_auc": 0.9603098452091217,
    "std_auc": 0.0022745570103630966
}