{
    "representation": "skipspecies_induced",
    "pooling": "sum",
    "dimension": 400,
    "task": "band_gap",
    "classification": false,
    "repeat": {
        "1": {
            "fold": {
                "1": {
                    "val_mae": 0.3856478631496429
                },
                "2": {
                    "val_mae": 0.3844430148601532
                },
                "3": {
                    "val_mae": 0.3873674869537353
                },
                "4": {
                    "val_mae": 0.3879483640193939
                },
                "5": {
                    "val_mae": 0.3849502503871918
                }
            }
        },
        "2": {
            "fold": {
                "1": {
                    "val_mae": 0.3679110109806061
                },
                "2": {
                    "val_mae": 0.3972646296024322
                },
                "3": {
                    "val_mae": 0.383705586194992
                },
                "4": {
                    "val_mae": 0.3829078078269958
                },
                "5": {
                    "val_mae": 0.3671183288097381
                }
            }
        }
    },
    "mean_mae": 0.38292643427848816,
    "std_mae": 0.008604040653769383
}