{
    "representation": "skipspecies_induced",
    "pooling": "max",
    "dimension": 100,
    "task": "formation_energy_per_atom",
    "classification": false,
    "repeat": {
        "1": {
            "fold": {
                "1": {
                    "val_mae": 0.1338851749897003
                },
                "2": {
                    "val_mae": 0.1322716176509857
                },
                "3": {
                    "val_mae": 0.129773199558258
                },
                "4": {
                    "val_mae": 0.1308213174343109
                },
                "5": {
                    "val_mae": 0.1371843963861465
                }
            }
        },
        "2": {
            "fold": {
                "1": {
                    "val_mae": 0.1326286792755127
                },
                "2": {
                    "val_mae": 0.1348294913768768
                },
                "3": {
                    "val_mae": 0.1331986784934997
                },
                "4": {
                    "val_mae": 0.1321337521076202
                },
                "5": {
                    "val_mae": 0.1335846483707428
                }
            }
        }
    },
    "mean_mae": 0.13303109556436535,
    "std_mae": 0.0019644100449630816
}