{
    "representation": "skipspecies_induced",
    "pooling": "mean",
    "dimension": 200,
    "task": "band_gap",
    "classification": false,
    "repeat": {
        "1": {
            "fold": {
                "1": {
                    "val_mae": 0.3990663886070251
                },
                "2": {
                    "val_mae": 0.3849910795688629
                },
                "3": {
                    "val_mae": 0.3811430037021637
                },
                "4": {
                    "val_mae": 0.3889626562595367
                },
                "5": {
                    "val_mae": 0.3833667635917663
                }
            }
        },
        "2": {
            "fold": {
                "1": {
                    "val_mae": 0.3912532925605774
                },
                "2": {
                    "val_mae": 0.3959836959838867
                },
                "3": {
                    "val_mae": 0.3822833001613617
                },
                "4": {
                    "val_mae": 0.3857015371322632
                },
                "5": {
                    "val_mae": 0.3823226690292358
                }
            }
        }
    },
    "mean_mae": 0.38750743865966797,
    "std_mae": 0.005856819672302947
}