{
    "representation": "skipspecies_induced",
    "pooling": "mean",
    "dimension": 30,
    "task": "is_magnetic",
    "classification": true,
    "repeat": {
        "1": {
            "fold": {
                "1": {
                    "val_auc": 0.9514858722686768
                },
                "2": {
                    "val_auc": 0.9541708827018738
                },
                "3": {
                    "val_auc": 0.9535167813301086
                },
                "4": {
                    "val_auc": 0.951437532901764
                },
                "5": {
                    "val_auc": 0.9488446712493896
                }
            }
        },
        "2": {
            "fold": {
                "1": {
                    "val_auc": 0.9573830366134644
                },
                "2": {
                    "val_auc": 0.9503651261329652
                },
                "3": {
                    "val_auc": 0.9548380970954896
                },
                "4": {
                    "val_auc": 0.9533670544624328
                },
                "5": {
                    "val_auc": 0.950553297996521
                }
            }
        }
    },
    "mean_auc": 0.9525962352752686,
    "std_auc": 0.0024012843191846735
}