{
    "representation": "skipspecies_induced",
    "pooling": "sum",
    "dimension": 400,
    "task": "formation_energy_per_atom",
    "classification": false,
    "repeat": {
        "1": {
            "fold": {
                "1": {
                    "val_mae": 0.0778865814208984
                },
                "2": {
                    "val_mae": 0.0765461847186088
                },
                "3": {
                    "val_mae": 0.0763096213340759
                },
                "4": {
                    "val_mae": 0.0817907080054283
                },
                "5": {
                    "val_mae": 0.0778580009937286
                }
            }
        },
        "2": {
            "fold": {
                "1": {
                    "val_mae": 0.0713522434234619
                },
                "2": {
                    "val_mae": 0.0777184292674064
                },
                "3": {
                    "val_mae": 0.0772700235247612
                },
                "4": {
                    "val_mae": 0.0791376531124115
                },
                "5": {
                    "val_mae": 0.0787827223539352
                }
            }
        }
    },
    "mean_mae": 0.07746521681547162,
    "std_mae": 0.0025144631068411165
}