{
    "representation": "skipspecies_induced",
    "pooling": "sum",
    "dimension": 100,
    "task": "is_metal",
    "classification": true,
    "repeat": {
        "1": {
            "fold": {
                "1": {
                    "val_auc": 0.8956146836280823
                },
                "2": {
                    "val_auc": 0.9044618010520936
                },
                "3": {
                    "val_auc": 0.8920108079910278
                },
                "4": {
                    "val_auc": 0.8878759145736694
                },
                "5": {
                    "val_auc": 0.9030323028564452
                }
            }
        },
        "2": {
            "fold": {
                "1": {
                    "val_auc": 0.8965874910354614
                },
                "2": {
                    "val_auc": 0.889687716960907
                },
                "3": {
                    "val_auc": 0.9005568027496338
                },
                "4": {
                    "val_auc": 0.8907763361930847
                },
                "5": {
                    "val_auc": 0.9051305055618286
                }
            }
        }
    },
    "mean_auc": 0.8965734362602233,
    "std_auc": 0.006094565318654982
}