{
    "representation": "skipspecies_induced",
    "pooling": "max",
    "dimension": 100,
    "task": "is_magnetic",
    "classification": true,
    "repeat": {
        "1": {
            "fold": {
                "1": {
                    "val_auc": 0.9456616044044496
                },
                "2": {
                    "val_auc": 0.9504721760749816
                },
                "3": {
                    "val_auc": 0.9488126635551452
                },
                "4": {
                    "val_auc": 0.945356786251068
                },
                "5": {
                    "val_auc": 0.9422050714492798
                }
            }
        },
        "2": {
            "fold": {
                "1": {
                    "val_auc": 0.9500213861465454
                },
                "2": {
                    "val_auc": 0.9463898539543152
                },
                "3": {
                    "val_auc": 0.9446117877960204
                },
                "4": {
                    "val_auc": 0.9462952613830566
                },
                "5": {
                    "val_auc": 0.942374348640442
                }
            }
        }
    },
    "mean_auc": 0.9462200939655304,
    "std_auc": 0.0027173504122290663
}