{
    "representation": "skipspecies_induced",
    "pooling": "mean",
    "dimension": 200,
    "task": "formation_energy_per_atom",
    "classification": false,
    "repeat": {
        "1": {
            "fold": {
                "1": {
                    "val_mae": 0.078818030655384
                },
                "2": {
                    "val_mae": 0.0828665271401405
                },
                "3": {
                    "val_mae": 0.0747479796409607
                },
                "4": {
                    "val_mae": 0.0765648782253265
                },
                "5": {
                    "val_mae": 0.0776660814881324
                }
            }
        },
        "2": {
            "fold": {
                "1": {
                    "val_mae": 0.0767855420708656
                },
                "2": {
                    "val_mae": 0.078012503683567
                },
                "3": {
                    "val_mae": 0.0753651782870292
                },
                "4": {
                    "val_mae": 0.0804193317890167
                },
                "5": {
                    "val_mae": 0.0758668780326843
                }
            }
        }
    },
    "mean_mae": 0.07771129310131068,
    "std_mae": 0.002347044563218905
}