{
    "representation": "skipspecies_induced",
    "pooling": "sum",
    "dimension": 100,
    "task": "is_magnetic",
    "classification": true,
    "repeat": {
        "1": {
            "fold": {
                "1": {
                    "val_auc": 0.9593595862388612
                },
                "2": {
                    "val_auc": 0.9591050148010254
                },
                "3": {
                    "val_auc": 0.9613957405090332
                },
                "4": {
                    "val_auc": 0.9582248330116272
                },
                "5": {
                    "val_auc": 0.9596657156944276
                }
            }
        },
        "2": {
            "fold": {
                "1": {
                    "val_auc": 0.9616968035697936
                },
                "2": {
                    "val_auc": 0.9561108946800232
                },
                "3": {
                    "val_auc": 0.9578654766082764
                },
                "4": {
                    "val_auc": 0.9625555276870728
                },
                "5": {
                    "val_auc": 0.955626666545868
                }
            }
        }
    },
    "mean_auc": 0.9591606259346008,
    "std_auc": 0.0021816034330713343
}