{
    "representation": "skipspecies_induced",
    "pooling": "mean",
    "dimension": 300,
    "task": "is_magnetic",
    "classification": true,
    "repeat": {
        "1": {
            "fold": {
                "1": {
                    "val_auc": 0.955000936985016
                },
                "2": {
                    "val_auc": 0.9580104947090148
                },
                "3": {
                    "val_auc": 0.951939344406128
                },
                "4": {
                    "val_auc": 0.9598368406295776
                },
                "5": {
                    "val_auc": 0.95818430185318
                }
            }
        },
        "2": {
            "fold": {
                "1": {
                    "val_auc": 0.9669428467750548
                },
                "2": {
                    "val_auc": 0.9602949023246764
                },
                "3": {
                    "val_auc": 0.9536005854606628
                },
                "4": {
                    "val_auc": 0.9599422216415404
                },
                "5": {
                    "val_auc": 0.9583142995834352
                }
            }
        }
    },
    "mean_auc": 0.9582066774368286,
    "std_auc": 0.0039645147612383325
}