{
    "representation": "skipspecies_induced",
    "pooling": "mean",
    "dimension": 200,
    "task": "formation_energy_per_atom",
    "classification": false,
    "repeat": {
        "1": {
            "fold": {
                "1": {
                    "val_mae": 0.0760329961776733
                },
                "2": {
                    "val_mae": 0.0764169096946716
                },
                "3": {
                    "val_mae": 0.0754245594143867
                },
                "4": {
                    "val_mae": 0.0789876207709312
                },
                "5": {
                    "val_mae": 0.0821501687169075
                }
            }
        },
        "2": {
            "fold": {
                "1": {
                    "val_mae": 0.0776936635375022
                },
                "2": {
                    "val_mae": 0.0772071778774261
                },
                "3": {
                    "val_mae": 0.0771247819066047
                },
                "4": {
                    "val_mae": 0.0762964934110641
                },
                "5": {
                    "val_mae": 0.0777033120393753
                }
            }
        }
    },
    "mean_mae": 0.07750376835465426,
    "std_mae": 0.0018227282839544771
}