{
    "representation": "skipspecies_induced",
    "pooling": "sum",
    "dimension": 100,
    "task": "band_gap",
    "classification": false,
    "repeat": {
        "1": {
            "fold": {
                "1": {
                    "val_mae": 0.3934146463871002
                },
                "2": {
                    "val_mae": 0.3956511616706848
                },
                "3": {
                    "val_mae": 0.3994816243648529
                },
                "4": {
                    "val_mae": 0.3946467339992523
                },
                "5": {
                    "val_mae": 0.3757068216800689
                }
            }
        },
        "2": {
            "fold": {
                "1": {
                    "val_mae": 0.3812541961669922
                },
                "2": {
                    "val_mae": 0.412039041519165
                },
                "3": {
                    "val_mae": 0.383147120475769
                },
                "4": {
                    "val_mae": 0.3955300152301788
                },
                "5": {
                    "val_mae": 0.4044832289218902
                }
            }
        }
    },
    "mean_mae": 0.3935354590415955,
    "std_mae": 0.010411072940686448
}