{
    "representation": "skipspecies_induced",
    "pooling": "mean",
    "dimension": 100,
    "task": "formation_energy_per_atom",
    "classification": false,
    "repeat": {
        "1": {
            "fold": {
                "1": {
                    "val_mae": 0.0776010677218437
                },
                "2": {
                    "val_mae": 0.0829342007637023
                },
                "3": {
                    "val_mae": 0.0734996944665908
                },
                "4": {
                    "val_mae": 0.0784457549452781
                },
                "5": {
                    "val_mae": 0.088558055460453
                }
            }
        },
        "2": {
            "fold": {
                "1": {
                    "val_mae": 0.0792557597160339
                },
                "2": {
                    "val_mae": 0.0788944959640502
                },
                "3": {
                    "val_mae": 0.0818231552839279
                },
                "4": {
                    "val_mae": 0.0844421163201332
                },
                "5": {
                    "val_mae": 0.0838910564780235
                }
            }
        }
    },
    "mean_mae": 0.08093453571200367,
    "std_mae": 0.004043679624903938
}