{
    "representation": "skipspecies_induced",
    "pooling": "max",
    "dimension": 300,
    "task": "is_magnetic",
    "classification": true,
    "repeat": {
        "1": {
            "fold": {
                "1": {
                    "val_auc": 0.9544707536697388
                },
                "2": {
                    "val_auc": 0.9540651440620422
                },
                "3": {
                    "val_auc": 0.9527831673622132
                },
                "4": {
                    "val_auc": 0.9540708661079408
                },
                "5": {
                    "val_auc": 0.9477933049201964
                }
            }
        },
        "2": {
            "fold": {
                "1": {
                    "val_auc": 0.9525588154792786
                },
                "2": {
                    "val_auc": 0.9502390623092652
                },
                "3": {
                    "val_auc": 0.949248194694519
                },
                "4": {
                    "val_auc": 0.9489335417747498
                },
                "5": {
                    "val_auc": 0.9455697536468506
                }
            }
        }
    },
    "mean_auc": 0.9509732604026795,
    "std_auc": 0.0029010767944739934
}