{
    "representation": "skipspecies_induced",
    "pooling": "sum",
    "dimension": 86,
    "task": "formation_energy_per_atom",
    "classification": false,
    "repeat": {
        "1": {
            "fold": {
                "1": {
                    "val_mae": 0.0792070254683494
                },
                "2": {
                    "val_mae": 0.0823014378547668
                },
                "3": {
                    "val_mae": 0.077187955379486
                },
                "4": {
                    "val_mae": 0.0835387855768203
                },
                "5": {
                    "val_mae": 0.0795209407806396
                }
            }
        },
        "2": {
            "fold": {
                "1": {
                    "val_mae": 0.0763827487826347
                },
                "2": {
                    "val_mae": 0.0843374654650688
                },
                "3": {
                    "val_mae": 0.0791329368948936
                },
                "4": {
                    "val_mae": 0.0811880379915237
                },
                "5": {
                    "val_mae": 0.0774427726864814
                }
            }
        }
    },
    "mean_mae": 0.08002401068806643,
    "std_mae": 0.0025919203880261153
}