{
    "representation": "skipspecies_induced",
    "pooling": "max",
    "dimension": 30,
    "task": "is_metal",
    "classification": true,
    "repeat": {
        "1": {
            "fold": {
                "1": {
                    "val_auc": 0.8737515807151794
                },
                "2": {
                    "val_auc": 0.8722610473632812
                },
                "3": {
                    "val_auc": 0.870625376701355
                },
                "4": {
                    "val_auc": 0.8703543543815613
                },
                "5": {
                    "val_auc": 0.8709937930107117
                }
            }
        },
        "2": {
            "fold": {
                "1": {
                    "val_auc": 0.8684092164039612
                },
                "2": {
                    "val_auc": 0.8679911494255066
                },
                "3": {
                    "val_auc": 0.8667304515838623
                },
                "4": {
                    "val_auc": 0.8744812607765198
                },
                "5": {
                    "val_auc": 0.8821052312850952
                }
            }
        }
    },
    "mean_auc": 0.8717703461647034,
    "std_auc": 0.00416201955480193
}