{
    "representation": "skipspecies_induced",
    "pooling": "mean",
    "dimension": 30,
    "task": "formation_energy_per_atom",
    "classification": false,
    "repeat": {
        "1": {
            "fold": {
                "1": {
                    "val_mae": 0.0858509615063667
                },
                "2": {
                    "val_mae": 0.0897728875279426
                },
                "3": {
                    "val_mae": 0.0869243219494819
                },
                "4": {
                    "val_mae": 0.0915928781032562
                },
                "5": {
                    "val_mae": 0.0905938148498535
                }
            }
        },
        "2": {
            "fold": {
                "1": {
                    "val_mae": 0.0843644514679908
                },
                "2": {
                    "val_mae": 0.0887511298060417
                },
                "3": {
                    "val_mae": 0.0872283056378364
                },
                "4": {
                    "val_mae": 0.0877241641283035
                },
                "5": {
                    "val_mae": 0.0897381976246833
                }
            }
        }
    },
    "mean_mae": 0.08825411126017565,
    "std_mae": 0.00213034834781073
}