{
    "representation": "skipspecies_induced",
    "pooling": "sum",
    "dimension": 300,
    "task": "band_gap",
    "classification": false,
    "repeat": {
        "1": {
            "fold": {
                "1": {
                    "val_mae": 0.3788779377937317
                },
                "2": {
                    "val_mae": 0.3968074321746826
                },
                "3": {
                    "val_mae": 0.3799692988395691
                },
                "4": {
                    "val_mae": 0.3898089528083801
                },
                "5": {
                    "val_mae": 0.3757312297821045
                }
            }
        },
        "2": {
            "fold": {
                "1": {
                    "val_mae": 0.3851634860038757
                },
                "2": {
                    "val_mae": 0.3932733237743377
                },
                "3": {
                    "val_mae": 0.3852813839912414
                },
                "4": {
                    "val_mae": 0.3908571302890777
                },
                "5": {
                    "val_mae": 0.4083326458930969
                }
            }
        }
    },
    "mean_mae": 0.3884102821350098,
    "std_mae": 0.009177205843497866
}