{
    "representation": "skipspecies_induced",
    "pooling": "sum",
    "dimension": 30,
    "task": "formation_energy_per_atom",
    "classification": false,
    "repeat": {
        "1": {
            "fold": {
                "1": {
                    "val_mae": 0.0894729197025299
                },
                "2": {
                    "val_mae": 0.0915319994091987
                },
                "3": {
                    "val_mae": 0.0894710570573806
                },
                "4": {
                    "val_mae": 0.0884083360433578
                },
                "5": {
                    "val_mae": 0.0919795632362365
                }
            }
        },
        "2": {
            "fold": {
                "1": {
                    "val_mae": 0.0858647376298904
                },
                "2": {
                    "val_mae": 0.0922093987464904
                },
                "3": {
                    "val_mae": 0.0901028513908386
                },
                "4": {
                    "val_mae": 0.0916796550154686
                },
                "5": {
                    "val_mae": 0.0923762843012809
                }
            }
        }
    },
    "mean_mae": 0.09030968025326723,
    "std_mae": 0.0019712444491119764
}