{
    "representation": "skipspecies_induced",
    "pooling": "max",
    "dimension": 30,
    "task": "band_gap",
    "classification": false,
    "repeat": {
        "1": {
            "fold": {
                "1": {
                    "val_mae": 0.5032384395599365
                },
                "2": {
                    "val_mae": 0.5057328343391418
                },
                "3": {
                    "val_mae": 0.5036378502845764
                },
                "4": {
                    "val_mae": 0.4902099967002868
                },
                "5": {
                    "val_mae": 0.4950277209281921
                }
            }
        },
        "2": {
            "fold": {
                "1": {
                    "val_mae": 0.510909378528595
                },
                "2": {
                    "val_mae": 0.5103723406791687
                },
                "3": {
                    "val_mae": 0.5128998160362244
                },
                "4": {
                    "val_mae": 0.5070270895957947
                },
                "5": {
                    "val_mae": 0.5039156675338745
                }
            }
        }
    },
    "mean_mae": 0.5042971134185791,
    "std_mae": 0.006709846546143292
}