{
    "representation": "skipspecies_induced",
    "pooling": "mean",
    "dimension": 100,
    "task": "is_metal",
    "classification": true,
    "repeat": {
        "1": {
            "fold": {
                "1": {
                    "val_auc": 0.8901514410972595
                },
                "2": {
                    "val_auc": 0.8966024518013
                },
                "3": {
                    "val_auc": 0.8949030041694641
                },
                "4": {
                    "val_auc": 0.8893446922302246
                },
                "5": {
                    "val_auc": 0.9067983627319336
                }
            }
        },
        "2": {
            "fold": {
                "1": {
                    "val_auc": 0.8883002996444702
                },
                "2": {
                    "val_auc": 0.8950073719024658
                },
                "3": {
                    "val_auc": 0.8846812844276428
                },
                "4": {
                    "val_auc": 0.8851889371871948
                },
                "5": {
                    "val_auc": 0.8998023867607117
                }
            }
        }
    },
    "mean_auc": 0.8930780231952667,
    "std_auc": 0.006565146658865397
}