{
    "representation": "skipspecies_induced",
    "pooling": "max",
    "dimension": 300,
    "task": "formation_energy_per_atom",
    "classification": false,
    "repeat": {
        "1": {
            "fold": {
                "1": {
                    "val_mae": 0.1094422712922096
                },
                "2": {
                    "val_mae": 0.1108061522245407
                },
                "3": {
                    "val_mae": 0.106792077422142
                },
                "4": {
                    "val_mae": 0.1094965413212776
                },
                "5": {
                    "val_mae": 0.1083356067538261
                }
            }
        },
        "2": {
            "fold": {
                "1": {
                    "val_mae": 0.1062957122921943
                },
                "2": {
                    "val_mae": 0.1141041591763496
                },
                "3": {
                    "val_mae": 0.1088193207979202
                },
                "4": {
                    "val_mae": 0.1112779453396797
                },
                "5": {
                    "val_mae": 0.1093927100300788
                }
            }
        }
    },
    "mean_mae": 0.10947624966502187,
    "std_mae": 0.0021329336631823416
}