{
    "representation": "skipspecies_induced",
    "pooling": "max",
    "dimension": 100,
    "task": "is_metal",
    "classification": true,
    "repeat": {
        "1": {
            "fold": {
                "1": {
                    "val_auc": 0.8853012323379517
                },
                "2": {
                    "val_auc": 0.8879841566085815
                },
                "3": {
                    "val_auc": 0.8760419487953186
                },
                "4": {
                    "val_auc": 0.8741899132728577
                },
                "5": {
                    "val_auc": 0.8709346652030945
                }
            }
        },
        "2": {
            "fold": {
                "1": {
                    "val_auc": 0.8727719783782959
                },
                "2": {
                    "val_auc": 0.8841167688369751
                },
                "3": {
                    "val_auc": 0.8798452019691467
                },
                "4": {
                    "val_auc": 0.8854387402534485
                },
                "5": {
                    "val_auc": 0.8826597929000854
                }
            }
        }
    },
    "mean_auc": 0.8799284398555756,
    "std_auc": 0.0057382281504962385
}