{
    "representation": "skipspecies_induced",
    "pooling": "mean",
    "dimension": 100,
    "task": "is_magnetic",
    "classification": true,
    "repeat": {
        "1": {
            "fold": {
                "1": {
                    "val_auc": 0.957404851913452
                },
                "2": {
                    "val_auc": 0.9567711353302002
                },
                "3": {
                    "val_auc": 0.9572492837905884
                },
                "4": {
                    "val_auc": 0.9600912928581238
                },
                "5": {
                    "val_auc": 0.9588729739189148
                }
            }
        },
        "2": {
            "fold": {
                "1": {
                    "val_auc": 0.9613218307495116
                },
                "2": {
                    "val_auc": 0.9575434923171996
                },
                "3": {
                    "val_auc": 0.959973156452179
                },
                "4": {
                    "val_auc": 0.9614672660827636
                },
                "5": {
                    "val_auc": 0.9511233568191528
                }
            }
        }
    },
    "mean_auc": 0.9581818640232086,
    "std_auc": 0.0028579571236086215
}