{
    "representation": "skipspecies_induced",
    "pooling": "sum",
    "dimension": 200,
    "task": "formation_energy_per_atom",
    "classification": false,
    "repeat": {
        "1": {
            "fold": {
                "1": {
                    "val_mae": 0.0763627886772155
                },
                "2": {
                    "val_mae": 0.0780370384454727
                },
                "3": {
                    "val_mae": 0.076254554092884
                },
                "4": {
                    "val_mae": 0.0806971862912178
                },
                "5": {
                    "val_mae": 0.0785158202052116
                }
            }
        },
        "2": {
            "fold": {
                "1": {
                    "val_mae": 0.0730244070291519
                },
                "2": {
                    "val_mae": 0.0810070931911468
                },
                "3": {
                    "val_mae": 0.0795317962765693
                },
                "4": {
                    "val_mae": 0.0812558755278587
                },
                "5": {
                    "val_mae": 0.0797411203384399
                }
            }
        }
    },
    "mean_mae": 0.07844276800751684,
    "std_mae": 0.002471570829572616
}