{
    "representation": "skipspecies_induced",
    "pooling": "mean",
    "dimension": 400,
    "task": "is_magnetic",
    "classification": true,
    "repeat": {
        "1": {
            "fold": {
                "1": {
                    "val_auc": 0.962056279182434
                },
                "2": {
                    "val_auc": 0.9569058418273926
                },
                "3": {
                    "val_auc": 0.962135374546051
                },
                "4": {
                    "val_auc": 0.9639152884483336
                },
                "5": {
                    "val_auc": 0.9602189660072328
                }
            }
        },
        "2": {
            "fold": {
                "1": {
                    "val_auc": 0.9659619927406312
                },
                "2": {
                    "val_auc": 0.9601047039031982
                },
                "3": {
                    "val_auc": 0.9559207558631896
                },
                "4": {
                    "val_auc": 0.9617170691490172
                },
                "5": {
                    "val_auc": 0.9554188847541808
                }
            }
        }
    },
    "mean_auc": 0.9604355156421661,
    "std_auc": 0.0032859414291460244
}