{
    "representation": "skipspecies_induced",
    "pooling": "max",
    "dimension": 200,
    "task": "formation_energy_per_atom",
    "classification": false,
    "repeat": {
        "1": {
            "fold": {
                "1": {
                    "val_mae": 0.1112784668803215
                },
                "2": {
                    "val_mae": 0.1102166771888732
                },
                "3": {
                    "val_mae": 0.1106861233711242
                },
                "4": {
                    "val_mae": 0.1129375621676445
                },
                "5": {
                    "val_mae": 0.1145713925361633
                }
            }
        },
        "2": {
            "fold": {
                "1": {
                    "val_mae": 0.1086063608527183
                },
                "2": {
                    "val_mae": 0.117344744503498
                },
                "3": {
                    "val_mae": 0.1143325641751289
                },
                "4": {
                    "val_mae": 0.1137575656175613
                },
                "5": {
                    "val_mae": 0.1132528632879257
                }
            }
        }
    },
    "mean_mae": 0.11269843205809589,
    "std_mae": 0.0024129395040459163
}