{
    "representation": "skipspecies_induced",
    "pooling": "mean",
    "dimension": 300,
    "task": "band_gap",
    "classification": false,
    "repeat": {
        "1": {
            "fold": {
                "1": {
                    "val_mae": 0.3862931430339813
                },
                "2": {
                    "val_mae": 0.3837747573852539
                },
                "3": {
                    "val_mae": 0.3888279497623443
                },
                "4": {
                    "val_mae": 0.3939764499664306
                },
                "5": {
                    "val_mae": 0.4031850695610046
                }
            }
        },
        "2": {
            "fold": {
                "1": {
                    "val_mae": 0.3800638020038605
                },
                "2": {
                    "val_mae": 0.4210414588451385
                },
                "3": {
                    "val_mae": 0.3893864452838897
                },
                "4": {
                    "val_mae": 0.3893316686153412
                },
                "5": {
                    "val_mae": 0.3727435767650604
                }
            }
        }
    },
    "mean_mae": 0.39086243212223054,
    "std_mae": 0.012637230372568682
}