{
    "representation": "skipspecies_induced",
    "pooling": "sum",
    "dimension": 30,
    "task": "band_gap",
    "classification": false,
    "repeat": {
        "1": {
            "fold": {
                "1": {
                    "val_mae": 0.4091684818267822
                },
                "2": {
                    "val_mae": 0.4081748127937317
                },
                "3": {
                    "val_mae": 0.3993847072124481
                },
                "4": {
                    "val_mae": 0.4026086926460266
                },
                "5": {
                    "val_mae": 0.4181430637836456
                }
            }
        },
        "2": {
            "fold": {
                "1": {
                    "val_mae": 0.4014691412448883
                },
                "2": {
                    "val_mae": 0.4165448546409607
                },
                "3": {
                    "val_mae": 0.4141550660133362
                },
                "4": {
                    "val_mae": 0.4081325829029083
                },
                "5": {
                    "val_mae": 0.4056091010570526
                }
            }
        }
    },
    "mean_mae": 0.40833905041217805,
    "std_mae": 0.006047338552753338
}