{
    "representation": "skipspecies_induced",
    "pooling": "mean",
    "dimension": 30,
    "task": "is_metal",
    "classification": true,
    "repeat": {
        "1": {
            "fold": {
                "1": {
                    "val_auc": 0.8958266377449036
                },
                "2": {
                    "val_auc": 0.8873772025108337
                },
                "3": {
                    "val_auc": 0.8871567845344543
                },
                "4": {
                    "val_auc": 0.8928449153900146
                },
                "5": {
                    "val_auc": 0.8949621915817261
                }
            }
        },
        "2": {
            "fold": {
                "1": {
                    "val_auc": 0.876738429069519
                },
                "2": {
                    "val_auc": 0.8927956819534302
                },
                "3": {
                    "val_auc": 0.8921198844909668
                },
                "4": {
                    "val_auc": 0.8864108324050903
                },
                "5": {
                    "val_auc": 0.8932796716690063
                }
            }
        }
    },
    "mean_auc": 0.8899512231349945,
    "std_auc": 0.00541685450212865
}