{
    "representation": "skipspecies_induced",
    "pooling": "max",
    "dimension": 400,
    "task": "formation_energy_per_atom",
    "classification": false,
    "repeat": {
        "1": {
            "fold": {
                "1": {
                    "val_mae": 0.1080985367298126
                },
                "2": {
                    "val_mae": 0.1014491394162178
                },
                "3": {
                    "val_mae": 0.1051846742630004
                },
                "4": {
                    "val_mae": 0.1074569746851921
                },
                "5": {
                    "val_mae": 0.1019245982170105
                }
            }
        },
        "2": {
            "fold": {
                "1": {
                    "val_mae": 0.0998349860310554
                },
                "2": {
                    "val_mae": 0.1041711419820785
                },
                "3": {
                    "val_mae": 0.110447734594345
                },
                "4": {
                    "val_mae": 0.1063489466905593
                },
                "5": {
                    "val_mae": 0.1062004789710044
                }
            }
        }
    },
    "mean_mae": 0.10511172115802761,
    "std_mae": 0.003129163529624708
}