{
    "representation": "skipspecies_induced",
    "pooling": "sum",
    "dimension": 200,
    "task": "is_magnetic",
    "classification": true,
    "repeat": {
        "1": {
            "fold": {
                "1": {
                    "val_auc": 0.9608395099639891
                },
                "2": {
                    "val_auc": 0.9607502818107604
                },
                "3": {
                    "val_auc": 0.9623881578445436
                },
                "4": {
                    "val_auc": 0.9632561802864076
                },
                "5": {
                    "val_auc": 0.958325982093811
                }
            }
        },
        "2": {
            "fold": {
                "1": {
                    "val_auc": 0.9654253125190736
                },
                "2": {
                    "val_auc": 0.9633209705352784
                },
                "3": {
                    "val_auc": 0.9593876004219056
                },
                "4": {
                    "val_auc": 0.958630621433258
                },
                "5": {
                    "val_auc": 0.9562497138977052
                }
            }
        }
    },
    "mean_auc": 0.9608574330806732,
    "std_auc": 0.002642004291675637
}