{
    "representation": "skipspecies_induced",
    "pooling": "max",
    "dimension": 400,
    "task": "band_gap",
    "classification": false,
    "repeat": {
        "1": {
            "fold": {
                "1": {
                    "val_mae": 0.430288016796112
                },
                "2": {
                    "val_mae": 0.4223695695400238
                },
                "3": {
                    "val_mae": 0.4358395934104919
                },
                "4": {
                    "val_mae": 0.4240438044071197
                },
                "5": {
                    "val_mae": 0.4262451529502868
                }
            }
        },
        "2": {
            "fold": {
                "1": {
                    "val_mae": 0.4226279556751251
                },
                "2": {
                    "val_mae": 0.4370032548904419
                },
                "3": {
                    "val_mae": 0.4893631339073181
                },
                "4": {
                    "val_mae": 0.4564166367053985
                },
                "5": {
                    "val_mae": 0.4175734221935272
                }
            }
        }
    },
    "mean_mae": 0.43617705404758456,
    "std_mae": 0.020591394473931945
}