{
    "representation": "skipspecies_induced",
    "pooling": "max",
    "dimension": 30,
    "task": "is_magnetic",
    "classification": true,
    "repeat": {
        "1": {
            "fold": {
                "1": {
                    "val_auc": 0.9298278093338012
                },
                "2": {
                    "val_auc": 0.92632657289505
                },
                "3": {
                    "val_auc": 0.925395369529724
                },
                "4": {
                    "val_auc": 0.9334272146224976
                },
                "5": {
                    "val_auc": 0.9239448308944702
                }
            }
        },
        "2": {
            "fold": {
                "1": {
                    "val_auc": 0.935476541519165
                },
                "2": {
                    "val_auc": 0.9248565435409546
                },
                "3": {
                    "val_auc": 0.931082546710968
                },
                "4": {
                    "val_auc": 0.9281805157661438
                },
                "5": {
                    "val_auc": 0.9246358275413512
                }
            }
        }
    },
    "mean_auc": 0.9283153772354126,
    "std_auc": 0.0038008170206720294
}