{
    "representation": "skipspecies_induced",
    "pooling": "mean",
    "dimension": 400,
    "task": "band_gap",
    "classification": false,
    "repeat": {
        "1": {
            "fold": {
                "1": {
                    "val_mae": 0.3842476904392242
                },
                "2": {
                    "val_mae": 0.3850721716880798
                },
                "3": {
                    "val_mae": 0.387660950422287
                },
                "4": {
                    "val_mae": 0.3795380592346191
                },
                "5": {
                    "val_mae": 0.3942211270332336
                }
            }
        },
        "2": {
            "fold": {
                "1": {
                    "val_mae": 0.3799188733100891
                },
                "2": {
                    "val_mae": 0.3957209587097168
                },
                "3": {
                    "val_mae": 0.3859758377075195
                },
                "4": {
                    "val_mae": 0.3827669322490692
                },
                "5": {
                    "val_mae": 0.3787310421466827
                }
            }
        }
    },
    "mean_mae": 0.3853853642940521,
    "std_mae": 0.00554097687548534
}