{
    "representation": "skipspecies_induced",
    "pooling": "sum",
    "dimension": 400,
    "task": "is_magnetic",
    "classification": true,
    "repeat": {
        "1": {
            "fold": {
                "1": {
                    "val_auc": 0.9608339071273804
                },
                "2": {
                    "val_auc": 0.9647607803344728
                },
                "3": {
                    "val_auc": 0.9622877836227416
                },
                "4": {
                    "val_auc": 0.9598076343536376
                },
                "5": {
                    "val_auc": 0.9602843523025512
                }
            }
        },
        "2": {
            "fold": {
                "1": {
                    "val_auc": 0.9653111696243286
                },
                "2": {
                    "val_auc": 0.9667639136314392
                },
                "3": {
                    "val_auc": 0.9606667757034302
                },
                "4": {
                    "val_auc": 0.959510326385498
                },
                "5": {
                    "val_auc": 0.956395983695984
                }
            }
        }
    },
    "mean_auc": 0.9616622626781464,
    "std_auc": 0.0029784799320452756
}