{
    "representation": "skipspecies_induced",
    "pooling": "mean",
    "dimension": 86,
    "task": "band_gap",
    "classification": false,
    "repeat": {
        "1": {
            "fold": {
                "1": {
                    "val_mae": 0.3993943929672241
                },
                "2": {
                    "val_mae": 0.4007911086082458
                },
                "3": {
                    "val_mae": 0.3834673762321472
                },
                "4": {
                    "val_mae": 0.40240079164505
                },
                "5": {
                    "val_mae": 0.3792121410369873
                }
            }
        },
        "2": {
            "fold": {
                "1": {
                    "val_mae": 0.3731791377067566
                },
                "2": {
                    "val_mae": 0.4109975695610046
                },
                "3": {
                    "val_mae": 0.3944909870624542
                },
                "4": {
                    "val_mae": 0.3879735171794891
                },
                "5": {
                    "val_mae": 0.3828187882900238
                }
            }
        }
    },
    "mean_mae": 0.3914725810289383,
    "std_mae": 0.011382157694698084
}