{
    "representation": "skipspecies",
    "pooling": "sum",
    "dimension": 100,
    "task": "is_magnetic",
    "classification": true,
    "repeat": {
        "1": {
            "fold": {
                "1": {
                    "val_auc": 0.9618276953697203
                },
                "2": {
                    "val_auc": 0.956940531730652
                },
                "3": {
                    "val_auc": 0.9545591473579408
                },
                "4": {
                    "val_auc": 0.9544032216072084
                },
                "5": {
                    "val_auc": 0.9543607831001282
                }
            }
        },
        "2": {
            "fold": {
                "1": {
                    "val_auc": 0.9594489932060242
                },
                "2": {
                    "val_auc": 0.9560551047325134
                },
                "3": {
                    "val_auc": 0.9610495567321776
                },
                "4": {
                    "val_auc": 0.9577938318252563
                },
                "5": {
                    "val_auc": 0.955638349056244
                }
            }
        }
    },
    "mean_auc": 0.9572077214717865,
    "std_auc": 0.0026137855539766566
}