{
    "representation": "skipspecies",
    "pooling": "mean",
    "dimension": 100,
    "task": "formation_energy_per_atom",
    "classification": false,
    "repeat": {
        "1": {
            "fold": {
                "1": {
                    "val_mae": 0.0813797414302825
                },
                "2": {
                    "val_mae": 0.0832518711686134
                },
                "3": {
                    "val_mae": 0.0816308632493019
                },
                "4": {
                    "val_mae": 0.0801139622926712
                },
                "5": {
                    "val_mae": 0.0850991830229759
                }
            }
        },
        "2": {
            "fold": {
                "1": {
                    "val_mae": 0.0782074481248855
                },
                "2": {
                    "val_mae": 0.0851198211312294
                },
                "3": {
                    "val_mae": 0.0803505480289459
                },
                "4": {
                    "val_mae": 0.0876481905579567
                },
                "5": {
                    "val_mae": 0.0832929536700248
                }
            }
        }
    },
    "mean_mae": 0.08260945826768872,
    "std_mae": 0.0026822948214652357
}