{
    "representation": "skipspecies",
    "pooling": "max",
    "dimension": 100,
    "task": "is_magnetic",
    "classification": true,
    "repeat": {
        "1": {
            "fold": {
                "1": {
                    "val_auc": 0.94398295879364
                },
                "2": {
                    "val_auc": 0.9438744783401488
                },
                "3": {
                    "val_auc": 0.9414039254188538
                },
                "4": {
                    "val_auc": 0.9426628947257996
                },
                "5": {
                    "val_auc": 0.943023920059204
                }
            }
        },
        "2": {
            "fold": {
                "1": {
                    "val_auc": 0.9460853338241576
                },
                "2": {
                    "val_auc": 0.9427776336669922
                },
                "3": {
                    "val_auc": 0.9420101642608644
                },
                "4": {
                    "val_auc": 0.9436030983924866
                },
                "5": {
                    "val_auc": 0.9454230666160583
                }
            }
        }
    },
    "mean_auc": 0.9434847474098206,
    "std_auc": 0.0013720886242406755
}