{
    "representation": "skipspecies",
    "pooling": "max",
    "dimension": 300,
    "task": "band_gap",
    "classification": false,
    "repeat": {
        "1": {
            "fold": {
                "1": {
                    "val_mae": 0.4345302879810333
                },
                "2": {
                    "val_mae": 0.4405999481678009
                },
                "3": {
                    "val_mae": 0.4390856921672821
                },
                "4": {
                    "val_mae": 0.4492378830909729
                },
                "5": {
                    "val_mae": 0.4499693214893341
                }
            }
        },
        "2": {
            "fold": {
                "1": {
                    "val_mae": 0.4308289289474487
                },
                "2": {
                    "val_mae": 0.4402469098567962
                },
                "3": {
                    "val_mae": 0.4435446858406067
                },
                "4": {
                    "val_mae": 0.4424721598625183
                },
                "5": {
                    "val_mae": 0.436321347951889
                }
            }
        }
    },
    "mean_mae": 0.44068371653556826,
    "std_mae": 0.005723138822808483
}