{
    "representation": "skipspecies",
    "pooling": "max",
    "dimension": 200,
    "task": "is_metal",
    "classification": true,
    "repeat": {
        "1": {
            "fold": {
                "1": {
                    "val_auc": 0.8818472623825073
                },
                "2": {
                    "val_auc": 0.8843542337417603
                },
                "3": {
                    "val_auc": 0.8826248049736023
                },
                "4": {
                    "val_auc": 0.8759683966636658
                },
                "5": {
                    "val_auc": 0.8858464360237122
                }
            }
        },
        "2": {
            "fold": {
                "1": {
                    "val_auc": 0.881239116191864
                },
                "2": {
                    "val_auc": 0.8808190822601318
                },
                "3": {
                    "val_auc": 0.8866764307022095
                },
                "4": {
                    "val_auc": 0.8865418434143066
                },
                "5": {
                    "val_auc": 0.8790138959884644
                }
            }
        }
    },
    "mean_auc": 0.8824931502342224,
    "std_auc": 0.0032876608350027024
}