{
    "representation": "skipspecies",
    "pooling": "mean",
    "dimension": 400,
    "task": "is_metal",
    "classification": true,
    "repeat": {
        "1": {
            "fold": {
                "1": {
                    "val_auc": 0.8959828019142151
                },
                "2": {
                    "val_auc": 0.8923559784889221
                },
                "3": {
                    "val_auc": 0.8946570754051208
                },
                "4": {
                    "val_auc": 0.8894187211990356
                },
                "5": {
                    "val_auc": 0.8891014456748962
                }
            }
        },
        "2": {
            "fold": {
                "1": {
                    "val_auc": 0.89171302318573
                },
                "2": {
                    "val_auc": 0.8977037072181702
                },
                "3": {
                    "val_auc": 0.8932734131813049
                },
                "4": {
                    "val_auc": 0.9058210849761964
                },
                "5": {
                    "val_auc": 0.8954368829727173
                }
            }
        }
    },
    "mean_auc": 0.8945464134216309,
    "std_auc": 0.004586312823025356
}