{
    "representation": "skipspecies",
    "pooling": "max",
    "dimension": 300,
    "task": "formation_energy_per_atom",
    "classification": false,
    "repeat": {
        "1": {
            "fold": {
                "1": {
                    "val_mae": 0.1184306964278221
                },
                "2": {
                    "val_mae": 0.1185982972383499
                },
                "3": {
                    "val_mae": 0.1134826987981796
                },
                "4": {
                    "val_mae": 0.1180685013532638
                },
                "5": {
                    "val_mae": 0.1142486929893493
                }
            }
        },
        "2": {
            "fold": {
                "1": {
                    "val_mae": 0.1140105202794075
                },
                "2": {
                    "val_mae": 0.1172787323594093
                },
                "3": {
                    "val_mae": 0.1171209812164306
                },
                "4": {
                    "val_mae": 0.1163737326860427
                },
                "5": {
                    "val_mae": 0.117883950471878
                }
            }
        }
    },
    "mean_mae": 0.1165496803820133,
    "std_mae": 0.0018400885377715286
}