{
    "representation": "skipspecies",
    "pooling": "max",
    "dimension": 30,
    "task": "is_magnetic",
    "classification": true,
    "repeat": {
        "1": {
            "fold": {
                "1": {
                    "val_auc": 0.9333577156066896
                },
                "2": {
                    "val_auc": 0.9249621033668518
                },
                "3": {
                    "val_auc": 0.9225063323974608
                },
                "4": {
                    "val_auc": 0.9233511686325072
                },
                "5": {
                    "val_auc": 0.9216457009315492
                }
            }
        },
        "2": {
            "fold": {
                "1": {
                    "val_auc": 0.9268329739570618
                },
                "2": {
                    "val_auc": 0.9205868244171144
                },
                "3": {
                    "val_auc": 0.922563135623932
                },
                "4": {
                    "val_auc": 0.9257543683052064
                },
                "5": {
                    "val_auc": 0.9214571118354796
                }
            }
        }
    },
    "mean_auc": 0.9243017435073853,
    "std_auc": 0.003564560542051491
}