{
    "representation": "skipspecies",
    "pooling": "max",
    "dimension": 30,
    "task": "formation_energy_per_atom",
    "classification": false,
    "repeat": {
        "1": {
            "fold": {
                "1": {
                    "val_mae": 0.1512082517147064
                },
                "2": {
                    "val_mae": 0.1553651094436645
                },
                "3": {
                    "val_mae": 0.1540146619081497
                },
                "4": {
                    "val_mae": 0.1542718857526779
                },
                "5": {
                    "val_mae": 0.1532772481441497
                }
            }
        },
        "2": {
            "fold": {
                "1": {
                    "val_mae": 0.1504660546779632
                },
                "2": {
                    "val_mae": 0.1521343737840652
                },
                "3": {
                    "val_mae": 0.1523957252502441
                },
                "4": {
                    "val_mae": 0.1506527364253997
                },
                "5": {
                    "val_mae": 0.1532291769981384
                }
            }
        }
    },
    "mean_mae": 0.15270152240991589,
    "std_mae": 0.0015406108713360482
}