{
    "representation": "skipspecies",
    "pooling": "mean",
    "dimension": 400,
    "task": "band_gap",
    "classification": false,
    "repeat": {
        "1": {
            "fold": {
                "1": {
                    "val_mae": 0.3786663115024566
                },
                "2": {
                    "val_mae": 0.3832681477069855
                },
                "3": {
                    "val_mae": 0.3773265480995178
                },
                "4": {
                    "val_mae": 0.3818932175636291
                },
                "5": {
                    "val_mae": 0.3784139752388
                }
            }
        },
        "2": {
            "fold": {
                "1": {
                    "val_mae": 0.3836553990840912
                },
                "2": {
                    "val_mae": 0.3964871168136596
                },
                "3": {
                    "val_mae": 0.4016604125499725
                },
                "4": {
                    "val_mae": 0.4043550491333008
                },
                "5": {
                    "val_mae": 0.3717200756072998
                }
            }
        }
    },
    "mean_mae": 0.38574462532997134,
    "std_mae": 0.010544123511875258
}