{
    "representation": "skipspecies",
    "pooling": "mean",
    "dimension": 300,
    "task": "is_magnetic",
    "classification": true,
    "repeat": {
        "1": {
            "fold": {
                "1": {
                    "val_auc": 0.9595277905464172
                },
                "2": {
                    "val_auc": 0.9603187441825868
                },
                "3": {
                    "val_auc": 0.959019899368286
                },
                "4": {
                    "val_auc": 0.9607363343238832
                },
                "5": {
                    "val_auc": 0.9526003003120422
                }
            }
        },
        "2": {
            "fold": {
                "1": {
                    "val_auc": 0.9559900760650636
                },
                "2": {
                    "val_auc": 0.9575866460800172
                },
                "3": {
                    "val_auc": 0.9514971375465392
                },
                "4": {
                    "val_auc": 0.9588102698326112
                },
                "5": {
                    "val_auc": 0.959370732307434
                }
            }
        }
    },
    "mean_auc": 0.957545793056488,
    "std_auc": 0.003039168900745541
}