{
    "representation": "skipspecies",
    "pooling": "sum",
    "dimension": 300,
    "task": "formation_energy_per_atom",
    "classification": false,
    "repeat": {
        "1": {
            "fold": {
                "1": {
                    "val_mae": 0.0821009948849678
                },
                "2": {
                    "val_mae": 0.0798188671469688
                },
                "3": {
                    "val_mae": 0.0834811925888061
                },
                "4": {
                    "val_mae": 0.0805954486131668
                },
                "5": {
                    "val_mae": 0.0807849466800689
                }
            }
        },
        "2": {
            "fold": {
                "1": {
                    "val_mae": 0.0761550962924957
                },
                "2": {
                    "val_mae": 0.0804768875241279
                },
                "3": {
                    "val_mae": 0.0808693096041679
                },
                "4": {
                    "val_mae": 0.0824107974767685
                },
                "5": {
                    "val_mae": 0.0816709250211715
                }
            }
        }
    },
    "mean_mae": 0.08083644658327098,
    "std_mae": 0.0018684298823129794
}