{
    "representation": "skipspecies",
    "pooling": "max",
    "dimension": 200,
    "task": "formation_energy_per_atom",
    "classification": false,
    "repeat": {
        "1": {
            "fold": {
                "1": {
                    "val_mae": 0.1156289875507354
                },
                "2": {
                    "val_mae": 0.1192778274416923
                },
                "3": {
                    "val_mae": 0.115001693367958
                },
                "4": {
                    "val_mae": 0.1157847940921783
                },
                "5": {
                    "val_mae": 0.1181856170296669
                }
            }
        },
        "2": {
            "fold": {
                "1": {
                    "val_mae": 0.1134296506643295
                },
                "2": {
                    "val_mae": 0.1152637675404548
                },
                "3": {
                    "val_mae": 0.1184734627604484
                },
                "4": {
                    "val_mae": 0.1144527196884155
                },
                "5": {
                    "val_mae": 0.11611058562994
                }
            }
        }
    },
    "mean_mae": 0.11616091057658191,
    "std_mae": 0.001792087884745962
}