{
    "representation": "skipspecies",
    "pooling": "max",
    "dimension": 200,
    "task": "band_gap",
    "classification": false,
    "repeat": {
        "1": {
            "fold": {
                "1": {
                    "val_mae": 0.4587911367416382
                },
                "2": {
                    "val_mae": 0.4572122097015381
                },
                "3": {
                    "val_mae": 0.455480009317398
                },
                "4": {
                    "val_mae": 0.4809724688529968
                },
                "5": {
                    "val_mae": 0.4802649319171905
                }
            }
        },
        "2": {
            "fold": {
                "1": {
                    "val_mae": 0.4430056810379028
                },
                "2": {
                    "val_mae": 0.4519162178039551
                },
                "3": {
                    "val_mae": 0.4763592779636383
                },
                "4": {
                    "val_mae": 0.4620356857776642
                },
                "5": {
                    "val_mae": 0.4443414509296417
                }
            }
        }
    },
    "mean_mae": 0.4610379070043564,
    "std_mae": 0.013192867047924672
}