{
    "representation": "skipspecies",
    "pooling": "mean",
    "dimension": 300,
    "task": "formation_energy_per_atom",
    "classification": false,
    "repeat": {
        "1": {
            "fold": {
                "1": {
                    "val_mae": 0.0797396153211593
                },
                "2": {
                    "val_mae": 0.0821059942245483
                },
                "3": {
                    "val_mae": 0.0776879042387008
                },
                "4": {
                    "val_mae": 0.0792833790183067
                },
                "5": {
                    "val_mae": 0.0821521133184433
                }
            }
        },
        "2": {
            "fold": {
                "1": {
                    "val_mae": 0.078953817486763
                },
                "2": {
                    "val_mae": 0.0791937634348869
                },
                "3": {
                    "val_mae": 0.07744812220335
                },
                "4": {
                    "val_mae": 0.0805082395672798
                },
                "5": {
                    "val_mae": 0.0871628820896148
                }
            }
        }
    },
    "mean_mae": 0.08042358309030528,
    "std_mae": 0.0027022489247580162
}