{
    "representation": "skipspecies",
    "pooling": "mean",
    "dimension": 30,
    "task": "is_magnetic",
    "classification": true,
    "repeat": {
        "1": {
            "fold": {
                "1": {
                    "val_auc": 0.9526063799858092
                },
                "2": {
                    "val_auc": 0.9544707536697388
                },
                "3": {
                    "val_auc": 0.9527992010116576
                },
                "4": {
                    "val_auc": 0.9485018253326416
                },
                "5": {
                    "val_auc": 0.9487903118133544
                }
            }
        },
        "2": {
            "fold": {
                "1": {
                    "val_auc": 0.9533724784851074
                },
                "2": {
                    "val_auc": 0.946384072303772
                },
                "3": {
                    "val_auc": 0.94509756565094
                },
                "4": {
                    "val_auc": 0.9473862648010254
                },
                "5": {
                    "val_auc": 0.9465726017951964
                }
            }
        }
    },
    "mean_auc": 0.9495981454849243,
    "std_auc": 0.003221342275634263
}