{
    "representation": "skipspecies",
    "pooling": "mean",
    "dimension": 100,
    "task": "is_metal",
    "classification": true,
    "repeat": {
        "1": {
            "fold": {
                "1": {
                    "val_auc": 0.8898890018463135
                },
                "2": {
                    "val_auc": 0.8958013653755188
                },
                "3": {
                    "val_auc": 0.892730712890625
                },
                "4": {
                    "val_auc": 0.8742853999137878
                },
                "5": {
                    "val_auc": 0.8873887658119202
                }
            }
        },
        "2": {
            "fold": {
                "1": {
                    "val_auc": 0.8901250958442688
                },
                "2": {
                    "val_auc": 0.8962159752845764
                },
                "3": {
                    "val_auc": 0.8921496868133545
                },
                "4": {
                    "val_auc": 0.8823784589767456
                },
                "5": {
                    "val_auc": 0.893585205078125
                }
            }
        }
    },
    "mean_auc": 0.8894549667835235,
    "std_auc": 0.0063728978935093305
}