{
    "representation": "skipspecies",
    "pooling": "max",
    "dimension": 100,
    "task": "is_metal",
    "classification": true,
    "repeat": {
        "1": {
            "fold": {
                "1": {
                    "val_auc": 0.8802151083946228
                },
                "2": {
                    "val_auc": 0.8714927434921265
                },
                "3": {
                    "val_auc": 0.879718542098999
                },
                "4": {
                    "val_auc": 0.8729085922241211
                },
                "5": {
                    "val_auc": 0.8909838795661926
                }
            }
        },
        "2": {
            "fold": {
                "1": {
                    "val_auc": 0.8756318092346191
                },
                "2": {
                    "val_auc": 0.8833821415901184
                },
                "3": {
                    "val_auc": 0.872986912727356
                },
                "4": {
                    "val_auc": 0.8784694671630859
                },
                "5": {
                    "val_auc": 0.8809416890144348
                }
            }
        }
    },
    "mean_auc": 0.8786730885505676,
    "std_auc": 0.005556602491101651
}