{
    "representation": "skipspecies",
    "pooling": "mean",
    "dimension": 86,
    "task": "formation_energy_per_atom",
    "classification": false,
    "repeat": {
        "1": {
            "fold": {
                "1": {
                    "val_mae": 0.0853076577186584
                },
                "2": {
                    "val_mae": 0.086262509226799
                },
                "3": {
                    "val_mae": 0.080297514796257
                },
                "4": {
                    "val_mae": 0.0839242041110992
                },
                "5": {
                    "val_mae": 0.0829936414957046
                }
            }
        },
        "2": {
            "fold": {
                "1": {
                    "val_mae": 0.0903154835104942
                },
                "2": {
                    "val_mae": 0.0799812376499176
                },
                "3": {
                    "val_mae": 0.084642618894577
                },
                "4": {
                    "val_mae": 0.0826811790466308
                },
                "5": {
                    "val_mae": 0.0860344618558883
                }
            }
        }
    },
    "mean_mae": 0.08424405083060262,
    "std_mae": 0.0028859534535878857
}