{
    "representation": "skipspecies",
    "pooling": "sum",
    "dimension": 200,
    "task": "formation_energy_per_atom",
    "classification": false,
    "repeat": {
        "1": {
            "fold": {
                "1": {
                    "val_mae": 0.0843250006437301
                },
                "2": {
                    "val_mae": 0.0815044939517974
                },
                "3": {
                    "val_mae": 0.0815674066543579
                },
                "4": {
                    "val_mae": 0.0812159553170204
                },
                "5": {
                    "val_mae": 0.0828086584806442
                }
            }
        },
        "2": {
            "fold": {
                "1": {
                    "val_mae": 0.0798809900879859
                },
                "2": {
                    "val_mae": 0.0805737003684043
                },
                "3": {
                    "val_mae": 0.0809236392378807
                },
                "4": {
                    "val_mae": 0.0812553092837333
                },
                "5": {
                    "val_mae": 0.0827649980783462
                }
            }
        }
    },
    "mean_mae": 0.08168201521039002,
    "std_mae": 0.0012214202813994551
}