{
    "representation": "skipspecies",
    "pooling": "mean",
    "dimension": 200,
    "task": "band_gap",
    "classification": false,
    "repeat": {
        "1": {
            "fold": {
                "1": {
                    "val_mae": 0.3730184137821197
                },
                "2": {
                    "val_mae": 0.388757050037384
                },
                "3": {
                    "val_mae": 0.387969821691513
                },
                "4": {
                    "val_mae": 0.3882567584514618
                },
                "5": {
                    "val_mae": 0.3882810771465301
                }
            }
        },
        "2": {
            "fold": {
                "1": {
                    "val_mae": 0.3985086977481842
                },
                "2": {
                    "val_mae": 0.3914332985877991
                },
                "3": {
                    "val_mae": 0.3941562175750732
                },
                "4": {
                    "val_mae": 0.3903094530105591
                },
                "5": {
                    "val_mae": 0.3849862217903137
                }
            }
        }
    },
    "mean_mae": 0.3885677009820938,
    "std_mae": 0.0062966638865327605
}