{
    "representation": "skipspecies",
    "pooling": "max",
    "dimension": 86,
    "task": "is_metal",
    "classification": true,
    "repeat": {
        "1": {
            "fold": {
                "1": {
                    "val_auc": 0.8856333494186401
                },
                "2": {
                    "val_auc": 0.8887234926223755
                },
                "3": {
                    "val_auc": 0.8777080774307251
                },
                "4": {
                    "val_auc": 0.8846146464347839
                },
                "5": {
                    "val_auc": 0.893244206905365
                }
            }
        },
        "2": {
            "fold": {
                "1": {
                    "val_auc": 0.8742684721946716
                },
                "2": {
                    "val_auc": 0.8772150278091431
                },
                "3": {
                    "val_auc": 0.875676691532135
                },
                "4": {
                    "val_auc": 0.8899835348129272
                },
                "5": {
                    "val_auc": 0.881433367729187
                }
            }
        }
    },
    "mean_auc": 0.8828500866889953,
    "std_auc": 0.006241665505250963
}