{
    "representation": "skipspecies",
    "pooling": "mean",
    "dimension": 86,
    "task": "is_metal",
    "classification": true,
    "repeat": {
        "1": {
            "fold": {
                "1": {
                    "val_auc": 0.8883488178253174
                },
                "2": {
                    "val_auc": 0.8990544676780701
                },
                "3": {
                    "val_auc": 0.8891248106956482
                },
                "4": {
                    "val_auc": 0.8940691351890564
                },
                "5": {
                    "val_auc": 0.89603191614151
                }
            }
        },
        "2": {
            "fold": {
                "1": {
                    "val_auc": 0.8926663398742676
                },
                "2": {
                    "val_auc": 0.8965381383895874
                },
                "3": {
                    "val_auc": 0.889907956123352
                },
                "4": {
                    "val_auc": 0.8916176557540894
                },
                "5": {
                    "val_auc": 0.893153727054596
                }
            }
        }
    },
    "mean_auc": 0.8930512964725494,
    "std_auc": 0.00328239872946782
}