{
    "representation": "skipspecies",
    "pooling": "max",
    "dimension": 300,
    "task": "is_magnetic",
    "classification": true,
    "repeat": {
        "1": {
            "fold": {
                "1": {
                    "val_auc": 0.947461187839508
                },
                "2": {
                    "val_auc": 0.9518178701400756
                },
                "3": {
                    "val_auc": 0.9493167996406556
                },
                "4": {
                    "val_auc": 0.9485172629356384
                },
                "5": {
                    "val_auc": 0.951513648033142
                }
            }
        },
        "2": {
            "fold": {
                "1": {
                    "val_auc": 0.9466451406478882
                },
                "2": {
                    "val_auc": 0.954028844833374
                },
                "3": {
                    "val_auc": 0.9465100169181824
                },
                "4": {
                    "val_auc": 0.9484071135520936
                },
                "5": {
                    "val_auc": 0.9478836059570312
                }
            }
        }
    },
    "mean_auc": 0.9492101490497589,
    "std_auc": 0.002348425876071349
}