{
    "representation": "skipspecies",
    "pooling": "sum",
    "dimension": 86,
    "task": "is_metal",
    "classification": true,
    "repeat": {
        "1": {
            "fold": {
                "1": {
                    "val_auc": 0.8926887512207031
                },
                "2": {
                    "val_auc": 0.8881340026855469
                },
                "3": {
                    "val_auc": 0.8880887627601624
                },
                "4": {
                    "val_auc": 0.8982959389686584
                },
                "5": {
                    "val_auc": 0.8887804746627808
                }
            }
        },
        "2": {
            "fold": {
                "1": {
                    "val_auc": 0.894680380821228
                },
                "2": {
                    "val_auc": 0.8864957094192505
                },
                "3": {
                    "val_auc": 0.8948975801467896
                },
                "4": {
                    "val_auc": 0.8868712186813354
                },
                "5": {
                    "val_auc": 0.8932639360427856
                }
            }
        }
    },
    "mean_auc": 0.8912196755409241,
    "std_auc": 0.00385243789685905
}