{
    "representation": "skipspecies",
    "pooling": "sum",
    "dimension": 400,
    "task": "is_magnetic",
    "classification": true,
    "repeat": {
        "1": {
            "fold": {
                "1": {
                    "val_auc": 0.9577707052230836
                },
                "2": {
                    "val_auc": 0.9672545790672302
                },
                "3": {
                    "val_auc": 0.9636952877044678
                },
                "4": {
                    "val_auc": 0.9621403813362122
                },
                "5": {
                    "val_auc": 0.961737871170044
                }
            }
        },
        "2": {
            "fold": {
                "1": {
                    "val_auc": 0.95983624458313
                },
                "2": {
                    "val_auc": 0.9567883014678956
                },
                "3": {
                    "val_auc": 0.9622997641563416
                },
                "4": {
                    "val_auc": 0.9571740627288818
                },
                "5": {
                    "val_auc": 0.9570691585540771
                }
            }
        }
    },
    "mean_auc": 0.9605766355991363,
    "std_auc": 0.003282326274213715
}