{
    "representation": "skipspecies",
    "pooling": "max",
    "dimension": 30,
    "task": "band_gap",
    "classification": false,
    "repeat": {
        "1": {
            "fold": {
                "1": {
                    "val_mae": 0.5215162038803101
                },
                "2": {
                    "val_mae": 0.5242841839790344
                },
                "3": {
                    "val_mae": 0.5271146297454834
                },
                "4": {
                    "val_mae": 0.5290436744689941
                },
                "5": {
                    "val_mae": 0.5306938290596008
                }
            }
        },
        "2": {
            "fold": {
                "1": {
                    "val_mae": 0.5100822448730469
                },
                "2": {
                    "val_mae": 0.5188345313072205
                },
                "3": {
                    "val_mae": 0.5280400514602661
                },
                "4": {
                    "val_mae": 0.5360548496246338
                },
                "5": {
                    "val_mae": 0.5095018148422241
                }
            }
        }
    },
    "mean_mae": 0.5235166013240814,
    "std_mae": 0.008222438456518348
}