{
    "representation": "skipspecies",
    "pooling": "sum",
    "dimension": 100,
    "task": "is_metal",
    "classification": true,
    "repeat": {
        "1": {
            "fold": {
                "1": {
                    "val_auc": 0.9020071625709534
                },
                "2": {
                    "val_auc": 0.887294590473175
                },
                "3": {
                    "val_auc": 0.8881601095199585
                },
                "4": {
                    "val_auc": 0.8883177042007446
                },
                "5": {
                    "val_auc": 0.8925897479057312
                }
            }
        },
        "2": {
            "fold": {
                "1": {
                    "val_auc": 0.8976319432258606
                },
                "2": {
                    "val_auc": 0.8979727625846863
                },
                "3": {
                    "val_auc": 0.8953208923339844
                },
                "4": {
                    "val_auc": 0.8934465646743774
                },
                "5": {
                    "val_auc": 0.8906201720237732
                }
            }
        }
    },
    "mean_auc": 0.8933361649513245,
    "std_auc": 0.004642199430192373
}