{
    "representation": "skipspecies",
    "pooling": "max",
    "dimension": 86,
    "task": "is_magnetic",
    "classification": true,
    "repeat": {
        "1": {
            "fold": {
                "1": {
                    "val_auc": 0.9368969798088074
                },
                "2": {
                    "val_auc": 0.9420860409736632
                },
                "3": {
                    "val_auc": 0.9388213753700256
                },
                "4": {
                    "val_auc": 0.9424381852149964
                },
                "5": {
                    "val_auc": 0.9439488053321838
                }
            }
        },
        "2": {
            "fold": {
                "1": {
                    "val_auc": 0.9510484933853148
                },
                "2": {
                    "val_auc": 0.9405704736709596
                },
                "3": {
                    "val_auc": 0.9504181742668152
                },
                "4": {
                    "val_auc": 0.941803812980652
                },
                "5": {
                    "val_auc": 0.9492372274398804
                }
            }
        }
    },
    "mean_auc": 0.9437269568443298,
    "std_auc": 0.004663885806512144
}