{
    "representation": "skipspecies",
    "pooling": "sum",
    "dimension": 86,
    "task": "is_magnetic",
    "classification": true,
    "repeat": {
        "1": {
            "fold": {
                "1": {
                    "val_auc": 0.9591398239135742
                },
                "2": {
                    "val_auc": 0.9592840671539308
                },
                "3": {
                    "val_auc": 0.958763062953949
                },
                "4": {
                    "val_auc": 0.9584164023399352
                },
                "5": {
                    "val_auc": 0.9560102820396424
                }
            }
        },
        "2": {
            "fold": {
                "1": {
                    "val_auc": 0.95896977186203
                },
                "2": {
                    "val_auc": 0.9563481211662292
                },
                "3": {
                    "val_auc": 0.9613690376281738
                },
                "4": {
                    "val_auc": 0.9614121317863464
                },
                "5": {
                    "val_auc": 0.9538174867630004
                }
            }
        }
    },
    "mean_auc": 0.9583530187606811,
    "std_auc": 0.002248823561086155
}