{
    "representation": "skipspecies",
    "pooling": "max",
    "dimension": 300,
    "task": "is_metal",
    "classification": true,
    "repeat": {
        "1": {
            "fold": {
                "1": {
                    "val_auc": 0.886016845703125
                },
                "2": {
                    "val_auc": 0.8932874202728271
                },
                "3": {
                    "val_auc": 0.881964385509491
                },
                "4": {
                    "val_auc": 0.8853235244750977
                },
                "5": {
                    "val_auc": 0.8795703053474426
                }
            }
        },
        "2": {
            "fold": {
                "1": {
                    "val_auc": 0.876308798789978
                },
                "2": {
                    "val_auc": 0.8898061513900757
                },
                "3": {
                    "val_auc": 0.8788600564002991
                },
                "4": {
                    "val_auc": 0.8839373588562012
                },
                "5": {
                    "val_auc": 0.8851112127304077
                }
            }
        }
    },
    "mean_auc": 0.8840186059474945,
    "std_auc": 0.004861704701823275
}