{
    "representation": "skipspecies",
    "pooling": "mean",
    "dimension": 400,
    "task": "is_magnetic",
    "classification": true,
    "repeat": {
        "1": {
            "fold": {
                "1": {
                    "val_auc": 0.9616996645927428
                },
                "2": {
                    "val_auc": 0.9553194642066956
                },
                "3": {
                    "val_auc": 0.9601413607597352
                },
                "4": {
                    "val_auc": 0.9596918225288392
                },
                "5": {
                    "val_auc": 0.9562714099884032
                }
            }
        },
        "2": {
            "fold": {
                "1": {
                    "val_auc": 0.9589871764183044
                },
                "2": {
                    "val_auc": 0.9569525122642516
                },
                "3": {
                    "val_auc": 0.95006662607193
                },
                "4": {
                    "val_auc": 0.95634925365448
                },
                "5": {
                    "val_auc": 0.9567015171051024
                }
            }
        }
    },
    "mean_auc": 0.9572180807590485,
    "std_auc": 0.0030759667925785816
}