{
    "representation": "skipspecies",
    "pooling": "mean",
    "dimension": 30,
    "task": "formation_energy_per_atom",
    "classification": false,
    "repeat": {
        "1": {
            "fold": {
                "1": {
                    "val_mae": 0.0880869328975677
                },
                "2": {
                    "val_mae": 0.0924508720636367
                },
                "3": {
                    "val_mae": 0.0867033898830413
                },
                "4": {
                    "val_mae": 0.0871963873505592
                },
                "5": {
                    "val_mae": 0.0897878184914588
                }
            }
        },
        "2": {
            "fold": {
                "1": {
                    "val_mae": 0.0838894173502922
                },
                "2": {
                    "val_mae": 0.0917799025774002
                },
                "3": {
                    "val_mae": 0.0870623216032981
                },
                "4": {
                    "val_mae": 0.0907669514417648
                },
                "5": {
                    "val_mae": 0.0887543931603431
                }
            }
        }
    },
    "mean_mae": 0.08864783868193621,
    "std_mae": 0.0024785697334020916
}