{
    "representation": "skipspecies",
    "pooling": "max",
    "dimension": 400,
    "task": "formation_energy_per_atom",
    "classification": false,
    "repeat": {
        "1": {
            "fold": {
                "1": {
                    "val_mae": 0.1160667687654495
                },
                "2": {
                    "val_mae": 0.1134229078888893
                },
                "3": {
                    "val_mae": 0.1051374897360801
                },
                "4": {
                    "val_mae": 0.1100337952375412
                },
                "5": {
                    "val_mae": 0.107242003083229
                }
            }
        },
        "2": {
            "fold": {
                "1": {
                    "val_mae": 0.1051565706729888
                },
                "2": {
                    "val_mae": 0.1085211634635925
                },
                "3": {
                    "val_mae": 0.1097502186894416
                },
                "4": {
                    "val_mae": 0.1078108847141265
                },
                "5": {
                    "val_mae": 0.1083439365029335
                }
            }
        }
    },
    "mean_mae": 0.1091485738754272,
    "std_mae": 0.003252189113233733
}