{
    "representation": "skipspecies",
    "pooling": "max",
    "dimension": 86,
    "task": "band_gap",
    "classification": false,
    "repeat": {
        "1": {
            "fold": {
                "1": {
                    "val_mae": 0.4628103971481323
                },
                "2": {
                    "val_mae": 0.4437517821788788
                },
                "3": {
                    "val_mae": 0.4451866149902344
                },
                "4": {
                    "val_mae": 0.4495485723018646
                },
                "5": {
                    "val_mae": 0.4587014317512512
                }
            }
        },
        "2": {
            "fold": {
                "1": {
                    "val_mae": 0.451304018497467
                },
                "2": {
                    "val_mae": 0.4510503709316253
                },
                "3": {
                    "val_mae": 0.4388141930103302
                },
                "4": {
                    "val_mae": 0.4499326348304748
                },
                "5": {
                    "val_mae": 0.4297396838665008
                }
            }
        }
    },
    "mean_mae": 0.44808396995067595,
    "std_mae": 0.008966231847971408
}