{
    "representation": "skipspecies",
    "pooling": "max",
    "dimension": 200,
    "task": "is_magnetic",
    "classification": true,
    "repeat": {
        "1": {
            "fold": {
                "1": {
                    "val_auc": 0.9499775171279908
                },
                "2": {
                    "val_auc": 0.9455257654190063
                },
                "3": {
                    "val_auc": 0.9365963935852052
                },
                "4": {
                    "val_auc": 0.9429337382316588
                },
                "5": {
                    "val_auc": 0.9396052360534668
                }
            }
        },
        "2": {
            "fold": {
                "1": {
                    "val_auc": 0.942154824733734
                },
                "2": {
                    "val_auc": 0.9455348253250122
                },
                "3": {
                    "val_auc": 0.950876772403717
                },
                "4": {
                    "val_auc": 0.9451026916503906
                },
                "5": {
                    "val_auc": 0.952094793319702
                }
            }
        }
    },
    "mean_auc": 0.9450402557849884,
    "std_auc": 0.004714801898228631
}