{
    "representation": "skipspecies",
    "pooling": "max",
    "dimension": 400,
    "task": "is_metal",
    "classification": true,
    "repeat": {
        "1": {
            "fold": {
                "1": {
                    "val_auc": 0.8895542621612549
                },
                "2": {
                    "val_auc": 0.8885633945465088
                },
                "3": {
                    "val_auc": 0.8799096941947937
                },
                "4": {
                    "val_auc": 0.8827714920043945
                },
                "5": {
                    "val_auc": 0.8923816084861755
                }
            }
        },
        "2": {
            "fold": {
                "1": {
                    "val_auc": 0.8981021642684937
                },
                "2": {
                    "val_auc": 0.890052855014801
                },
                "3": {
                    "val_auc": 0.8927460312843323
                },
                "4": {
                    "val_auc": 0.8828909397125244
                },
                "5": {
                    "val_auc": 0.8824754953384399
                }
            }
        }
    },
    "mean_auc": 0.8879447937011719,
    "std_auc": 0.005478201366165498
}