{
    "representation": "skipspecies",
    "pooling": "mean",
    "dimension": 86,
    "task": "band_gap",
    "classification": false,
    "repeat": {
        "1": {
            "fold": {
                "1": {
                    "val_mae": 0.3862237930297851
                },
                "2": {
                    "val_mae": 0.3983878195285797
                },
                "3": {
                    "val_mae": 0.3965673148632049
                },
                "4": {
                    "val_mae": 0.392687976360321
                },
                "5": {
                    "val_mae": 0.4776860475540161
                }
            }
        },
        "2": {
            "fold": {
                "1": {
                    "val_mae": 0.3890767395496368
                },
                "2": {
                    "val_mae": 0.3949011266231537
                },
                "3": {
                    "val_mae": 0.401755541563034
                },
                "4": {
                    "val_mae": 0.3958774209022522
                },
                "5": {
                    "val_mae": 0.3783123791217804
                }
            }
        }
    },
    "mean_mae": 0.4011476159095764,
    "std_mae": 0.026297015792012685
}