{
    "representation": "skipspecies",
    "pooling": "mean",
    "dimension": 100,
    "task": "band_gap",
    "classification": false,
    "repeat": {
        "1": {
            "fold": {
                "1": {
                    "val_mae": 0.3909856975078583
                },
                "2": {
                    "val_mae": 0.3934122323989868
                },
                "3": {
                    "val_mae": 0.3849925696849823
                },
                "4": {
                    "val_mae": 0.3999819457530975
                },
                "5": {
                    "val_mae": 0.3968862891197204
                }
            }
        },
        "2": {
            "fold": {
                "1": {
                    "val_mae": 0.3822256326675415
                },
                "2": {
                    "val_mae": 0.3938766717910766
                },
                "3": {
                    "val_mae": 0.3894159495830536
                },
                "4": {
                    "val_mae": 0.4121328294277191
                },
                "5": {
                    "val_mae": 0.3809530735015869
                }
            }
        }
    },
    "mean_mae": 0.3924862891435623,
    "std_mae": 0.008777543356287765
}