{
    "representation": "skipspecies",
    "pooling": "sum",
    "dimension": 400,
    "task": "formation_energy_per_atom",
    "classification": false,
    "repeat": {
        "1": {
            "fold": {
                "1": {
                    "val_mae": 0.0797202438116073
                },
                "2": {
                    "val_mae": 0.0785781368613243
                },
                "3": {
                    "val_mae": 0.0774098262190818
                },
                "4": {
                    "val_mae": 0.08107890188694
                },
                "5": {
                    "val_mae": 0.0798824280500412
                }
            }
        },
        "2": {
            "fold": {
                "1": {
                    "val_mae": 0.0757539123296737
                },
                "2": {
                    "val_mae": 0.0820893421769142
                },
                "3": {
                    "val_mae": 0.0945526510477066
                },
                "4": {
                    "val_mae": 0.0801184102892875
                },
                "5": {
                    "val_mae": 0.0771020203828811
                }
            }
        }
    },
    "mean_mae": 0.08062858730554576,
    "std_mae": 0.004986202578857414
}