{
    "representation": "skipspecies",
    "pooling": "mean",
    "dimension": 100,
    "task": "is_magnetic",
    "classification": true,
    "repeat": {
        "1": {
            "fold": {
                "1": {
                    "val_auc": 0.963143825531006
                },
                "2": {
                    "val_auc": 0.9550801515579224
                },
                "3": {
                    "val_auc": 0.9499821662902832
                },
                "4": {
                    "val_auc": 0.957053005695343
                },
                "5": {
                    "val_auc": 0.9572286009788512
                }
            }
        },
        "2": {
            "fold": {
                "1": {
                    "val_auc": 0.9587242603302002
                },
                "2": {
                    "val_auc": 0.9519686102867126
                },
                "3": {
                    "val_auc": 0.9517040252685548
                },
                "4": {
                    "val_auc": 0.9563575387001038
                },
                "5": {
                    "val_auc": 0.952504575252533
                }
            }
        }
    },
    "mean_auc": 0.955374675989151,
    "std_auc": 0.0037586911479058726
}