{
    "representation": "skipspecies",
    "pooling": "sum",
    "dimension": 30,
    "task": "band_gap",
    "classification": false,
    "repeat": {
        "1": {
            "fold": {
                "1": {
                    "val_mae": 0.4097525179386139
                },
                "2": {
                    "val_mae": 0.406804472208023
                },
                "3": {
                    "val_mae": 0.4068152010440826
                },
                "4": {
                    "val_mae": 0.4036190211772918
                },
                "5": {
                    "val_mae": 0.4112578928470611
                }
            }
        },
        "2": {
            "fold": {
                "1": {
                    "val_mae": 0.4265505075454712
                },
                "2": {
                    "val_mae": 0.4077222943305969
                },
                "3": {
                    "val_mae": 0.4019917547702789
                },
                "4": {
                    "val_mae": 0.4146109223365783
                },
                "5": {
                    "val_mae": 0.4147295951843261
                }
            }
        }
    },
    "mean_mae": 0.4103854179382324,
    "std_mae": 0.0066940138564173975
}