{
    "representation": "skipspecies",
    "pooling": "sum",
    "dimension": 300,
    "task": "is_metal",
    "classification": true,
    "repeat": {
        "1": {
            "fold": {
                "1": {
                    "val_auc": 0.8906748294830322
                },
                "2": {
                    "val_auc": 0.9027174115180968
                },
                "3": {
                    "val_auc": 0.8844799995422363
                },
                "4": {
                    "val_auc": 0.8834450244903564
                },
                "5": {
                    "val_auc": 0.8908743262290955
                }
            }
        },
        "2": {
            "fold": {
                "1": {
                    "val_auc": 0.8946734070777893
                },
                "2": {
                    "val_auc": 0.8922913074493408
                },
                "3": {
                    "val_auc": 0.8999012112617493
                },
                "4": {
                    "val_auc": 0.8978100419044495
                },
                "5": {
                    "val_auc": 0.8980018496513367
                }
            }
        }
    },
    "mean_auc": 0.8934869408607483,
    "std_auc": 0.006041143108821654
}