{
    "representation": "skipspecies",
    "pooling": "mean",
    "dimension": 30,
    "task": "is_metal",
    "classification": true,
    "repeat": {
        "1": {
            "fold": {
                "1": {
                    "val_auc": 0.889626681804657
                },
                "2": {
                    "val_auc": 0.8937774300575256
                },
                "3": {
                    "val_auc": 0.8882765769958496
                },
                "4": {
                    "val_auc": 0.8836568593978882
                },
                "5": {
                    "val_auc": 0.8916407823562622
                }
            }
        },
        "2": {
            "fold": {
                "1": {
                    "val_auc": 0.8795957565307617
                },
                "2": {
                    "val_auc": 0.8809368014335632
                },
                "3": {
                    "val_auc": 0.8853685855865479
                },
                "4": {
                    "val_auc": 0.8886651396751404
                },
                "5": {
                    "val_auc": 0.8950482606887817
                }
            }
        }
    },
    "mean_auc": 0.8876592874526977,
    "std_auc": 0.004945941935296762
}