{
    "representation": "skipspecies",
    "pooling": "mean",
    "dimension": 30,
    "task": "band_gap",
    "classification": false,
    "repeat": {
        "1": {
            "fold": {
                "1": {
                    "val_mae": 0.4117015302181244
                },
                "2": {
                    "val_mae": 0.4049501121044159
                },
                "3": {
                    "val_mae": 0.4126186370849609
                },
                "4": {
                    "val_mae": 0.4140408635139465
                },
                "5": {
                    "val_mae": 0.4109272360801697
                }
            }
        },
        "2": {
            "fold": {
                "1": {
                    "val_mae": 0.4129790365695953
                },
                "2": {
                    "val_mae": 0.414380669593811
                },
                "3": {
                    "val_mae": 0.4015495181083679
                },
                "4": {
                    "val_mae": 0.4109092056751251
                },
                "5": {
                    "val_mae": 0.3999836444854736
                }
            }
        }
    },
    "mean_mae": 0.409404045343399,
    "std_mae": 0.004995199296428016
}