{
    "representation": "skipspecies",
    "pooling": "sum",
    "dimension": 30,
    "task": "is_metal",
    "classification": true,
    "repeat": {
        "1": {
            "fold": {
                "1": {
                    "val_auc": 0.8929438591003418
                },
                "2": {
                    "val_auc": 0.8945534825325012
                },
                "3": {
                    "val_auc": 0.883479118347168
                },
                "4": {
                    "val_auc": 0.8752366900444031
                },
                "5": {
                    "val_auc": 0.8780922293663025
                }
            }
        },
        "2": {
            "fold": {
                "1": {
                    "val_auc": 0.8952246308326721
                },
                "2": {
                    "val_auc": 0.89170241355896
                },
                "3": {
                    "val_auc": 0.8912233710289001
                },
                "4": {
                    "val_auc": 0.8894197940826416
                },
                "5": {
                    "val_auc": 0.890181839466095
                }
            }
        }
    },
    "mean_auc": 0.8882057428359985,
    "std_auc": 0.006569173937007066
}