{
    "representation": "skipspecies",
    "pooling": "sum",
    "dimension": 30,
    "task": "formation_energy_per_atom",
    "classification": false,
    "repeat": {
        "1": {
            "fold": {
                "1": {
                    "val_mae": 0.0981876924633979
                },
                "2": {
                    "val_mae": 0.0950609371066093
                },
                "3": {
                    "val_mae": 0.0933546870946884
                },
                "4": {
                    "val_mae": 0.0968272909522056
                },
                "5": {
                    "val_mae": 0.0953902527689933
                }
            }
        },
        "2": {
            "fold": {
                "1": {
                    "val_mae": 0.0945243090391159
                },
                "2": {
                    "val_mae": 0.0980854332447052
                },
                "3": {
                    "val_mae": 0.0952461883425712
                },
                "4": {
                    "val_mae": 0.100615456700325
                },
                "5": {
                    "val_mae": 0.0948939174413681
                }
            }
        }
    },
    "mean_mae": 0.09621861651539801,
    "std_mae": 0.002070376169215396
}