{
    "representation": "skipspecies",
    "pooling": "sum",
    "dimension": 200,
    "task": "is_metal",
    "classification": true,
    "repeat": {
        "1": {
            "fold": {
                "1": {
                    "val_auc": 0.8948551416397095
                },
                "2": {
                    "val_auc": 0.8877727389335632
                },
                "3": {
                    "val_auc": 0.8803537487983704
                },
                "4": {
                    "val_auc": 0.8939608335494995
                },
                "5": {
                    "val_auc": 0.9027137756347656
                }
            }
        },
        "2": {
            "fold": {
                "1": {
                    "val_auc": 0.8915873765945435
                },
                "2": {
                    "val_auc": 0.8878209590911865
                },
                "3": {
                    "val_auc": 0.8820377588272095
                },
                "4": {
                    "val_auc": 0.8902799487113953
                },
                "5": {
                    "val_auc": 0.8899925947189331
                }
            }
        }
    },
    "mean_auc": 0.8901374876499176,
    "std_auc": 0.006078373249084961
}