{
    "representation": "skipspecies",
    "pooling": "sum",
    "dimension": 200,
    "task": "band_gap",
    "classification": false,
    "repeat": {
        "1": {
            "fold": {
                "1": {
                    "val_mae": 0.3935981094837188
                },
                "2": {
                    "val_mae": 0.3903843760490417
                },
                "3": {
                    "val_mae": 0.3722767829895019
                },
                "4": {
                    "val_mae": 0.3841466009616852
                },
                "5": {
                    "val_mae": 0.3834265470504761
                }
            }
        },
        "2": {
            "fold": {
                "1": {
                    "val_mae": 0.3838570713996887
                },
                "2": {
                    "val_mae": 0.4018650352954864
                },
                "3": {
                    "val_mae": 0.4026817381381988
                },
                "4": {
                    "val_mae": 0.3986691236495971
                },
                "5": {
                    "val_mae": 0.3890909850597381
                }
            }
        }
    },
    "mean_mae": 0.38999963700771334,
    "std_mae": 0.009055386519856337
}