{
    "representation": "skipspecies",
    "pooling": "max",
    "dimension": 30,
    "task": "is_metal",
    "classification": true,
    "repeat": {
        "1": {
            "fold": {
                "1": {
                    "val_auc": 0.8714375495910645
                },
                "2": {
                    "val_auc": 0.8697324395179749
                },
                "3": {
                    "val_auc": 0.860345184803009
                },
                "4": {
                    "val_auc": 0.8637373447418213
                },
                "5": {
                    "val_auc": 0.868252158164978
                }
            }
        },
        "2": {
            "fold": {
                "1": {
                    "val_auc": 0.8657851219177246
                },
                "2": {
                    "val_auc": 0.8741223216056824
                },
                "3": {
                    "val_auc": 0.8693114519119263
                },
                "4": {
                    "val_auc": 0.8714995980262756
                },
                "5": {
                    "val_auc": 0.8756421804428101
                }
            }
        }
    },
    "mean_auc": 0.8689865350723267,
    "std_auc": 0.004434795483689358
}