{
    "representation": "skipspecies",
    "pooling": "sum",
    "dimension": 100,
    "task": "band_gap",
    "classification": false,
    "repeat": {
        "1": {
            "fold": {
                "1": {
                    "val_mae": 0.3896085023880005
                },
                "2": {
                    "val_mae": 0.3851684033870697
                },
                "3": {
                    "val_mae": 0.3778244853019714
                },
                "4": {
                    "val_mae": 0.3889050483703613
                },
                "5": {
                    "val_mae": 0.3879332244396209
                }
            }
        },
        "2": {
            "fold": {
                "1": {
                    "val_mae": 0.3848626613616943
                },
                "2": {
                    "val_mae": 0.3914260268211365
                },
                "3": {
                    "val_mae": 0.3938152492046356
                },
                "4": {
                    "val_mae": 0.4128952026367187
                },
                "5": {
                    "val_mae": 0.3866294026374817
                }
            }
        }
    },
    "mean_mae": 0.3899068206548691,
    "std_mae": 0.008692856655818952
}