{
    "representation": "skipspecies",
    "pooling": "max",
    "dimension": 100,
    "task": "formation_energy_per_atom",
    "classification": false,
    "repeat": {
        "1": {
            "fold": {
                "1": {
                    "val_mae": 0.147220566868782
                },
                "2": {
                    "val_mae": 0.1381459981203079
                },
                "3": {
                    "val_mae": 0.1372752040624618
                },
                "4": {
                    "val_mae": 0.1381545513868332
                },
                "5": {
                    "val_mae": 0.1407231241464615
                }
            }
        },
        "2": {
            "fold": {
                "1": {
                    "val_mae": 0.138811782002449
                },
                "2": {
                    "val_mae": 0.1464173346757888
                },
                "3": {
                    "val_mae": 0.1392311304807663
                },
                "4": {
                    "val_mae": 0.1471103131771087
                },
                "5": {
                    "val_mae": 0.1403862535953521
                }
            }
        }
    },
    "mean_mae": 0.14134762585163113,
    "std_mae": 0.003776996273995365
}