{
    "representation": "skipspecies",
    "pooling": "mean",
    "dimension": 300,
    "task": "band_gap",
    "classification": false,
    "repeat": {
        "1": {
            "fold": {
                "1": {
                    "val_mae": 0.3984208106994629
                },
                "2": {
                    "val_mae": 0.3881027996540069
                },
                "3": {
                    "val_mae": 0.3926554322242737
                },
                "4": {
                    "val_mae": 0.3844000697135925
                },
                "5": {
                    "val_mae": 0.3854244947433471
                }
            }
        },
        "2": {
            "fold": {
                "1": {
                    "val_mae": 0.3865783512592315
                },
                "2": {
                    "val_mae": 0.3942670226097107
                },
                "3": {
                    "val_mae": 0.4118887484073639
                },
                "4": {
                    "val_mae": 0.3919515609741211
                },
                "5": {
                    "val_mae": 0.3935787975788116
                }
            }
        }
    },
    "mean_mae": 0.3927268087863922,
    "std_mae": 0.007649504555990817
}