{
    "representation": "skipspecies",
    "pooling": "mean",
    "dimension": 200,
    "task": "is_magnetic",
    "classification": true,
    "repeat": {
        "1": {
            "fold": {
                "1": {
                    "val_auc": 0.9596088528633118
                },
                "2": {
                    "val_auc": 0.9535486102104188
                },
                "3": {
                    "val_auc": 0.9560837745666504
                },
                "4": {
                    "val_auc": 0.9628768563270568
                },
                "5": {
                    "val_auc": 0.9543027877807616
                }
            }
        },
        "2": {
            "fold": {
                "1": {
                    "val_auc": 0.9561923742294312
                },
                "2": {
                    "val_auc": 0.9589749574661256
                },
                "3": {
                    "val_auc": 0.9600518345832824
                },
                "4": {
                    "val_auc": 0.961457908153534
                },
                "5": {
                    "val_auc": 0.9544954299926758
                }
            }
        }
    },
    "mean_auc": 0.9577593386173249,
    "std_auc": 0.003092189243926769
}