{
    "representation": "skipspecies",
    "pooling": "max",
    "dimension": 400,
    "task": "is_magnetic",
    "classification": true,
    "repeat": {
        "1": {
            "fold": {
                "1": {
                    "val_auc": 0.9492707848548888
                },
                "2": {
                    "val_auc": 0.9594084620475768
                },
                "3": {
                    "val_auc": 0.9491770267486572
                },
                "4": {
                    "val_auc": 0.9564864039421082
                },
                "5": {
                    "val_auc": 0.9484475255012512
                }
            }
        },
        "2": {
            "fold": {
                "1": {
                    "val_auc": 0.9525395035743712
                },
                "2": {
                    "val_auc": 0.946481227874756
                },
                "3": {
                    "val_auc": 0.9551560282707214
                },
                "4": {
                    "val_auc": 0.9522270560264589
                },
                "5": {
                    "val_auc": 0.9502301812171936
                }
            }
        }
    },
    "mean_auc": 0.9519424200057983,
    "std_auc": 0.0038328850924732472
}