{
    "representation": "skipspecies",
    "pooling": "sum",
    "dimension": 100,
    "task": "formation_energy_per_atom",
    "classification": false,
    "repeat": {
        "1": {
            "fold": {
                "1": {
                    "val_mae": 0.0779333189129829
                },
                "2": {
                    "val_mae": 0.0786757096648216
                },
                "3": {
                    "val_mae": 0.0783672854304313
                },
                "4": {
                    "val_mae": 0.0826276242733001
                },
                "5": {
                    "val_mae": 0.0786431953310966
                }
            }
        },
        "2": {
            "fold": {
                "1": {
                    "val_mae": 0.0804490223526954
                },
                "2": {
                    "val_mae": 0.0824974179267883
                },
                "3": {
                    "val_mae": 0.0813601166009903
                },
                "4": {
                    "val_mae": 0.0794778168201446
                },
                "5": {
                    "val_mae": 0.0806818827986717
                }
            }
        }
    },
    "mean_mae": 0.08007133901119227,
    "std_mae": 0.0016251579038967078
}