{
    "representation": "skipspecies",
    "pooling": "max",
    "dimension": 400,
    "task": "band_gap",
    "classification": false,
    "repeat": {
        "1": {
            "fold": {
                "1": {
                    "val_mae": 0.431355208158493
                },
                "2": {
                    "val_mae": 0.4183972775936126
                },
                "3": {
                    "val_mae": 0.4329422414302826
                },
                "4": {
                    "val_mae": 0.4269454181194305
                },
                "5": {
                    "val_mae": 0.4170692563056946
                }
            }
        },
        "2": {
            "fold": {
                "1": {
                    "val_mae": 0.4167977273464203
                },
                "2": {
                    "val_mae": 0.4216066002845764
                },
                "3": {
                    "val_mae": 0.4235133826732635
                },
                "4": {
                    "val_mae": 0.5246296525001526
                },
                "5": {
                    "val_mae": 0.4257903099060058
                }
            }
        }
    },
    "mean_mae": 0.4339047074317932,
    "std_mae": 0.030705865452765654
}