{
    "representation": "skipspecies",
    "pooling": "sum",
    "dimension": 400,
    "task": "band_gap",
    "classification": false,
    "repeat": {
        "1": {
            "fold": {
                "1": {
                    "val_mae": 0.3872670531272888
                },
                "2": {
                    "val_mae": 0.3872787952423095
                },
                "3": {
                    "val_mae": 0.3917478621006012
                },
                "4": {
                    "val_mae": 0.3884902596473694
                },
                "5": {
                    "val_mae": 0.3876897692680359
                }
            }
        },
        "2": {
            "fold": {
                "1": {
                    "val_mae": 0.3929032683372497
                },
                "2": {
                    "val_mae": 0.3872747719287872
                },
                "3": {
                    "val_mae": 0.381671279668808
                },
                "4": {
                    "val_mae": 0.390955775976181
                },
                "5": {
                    "val_mae": 0.3742744028568268
                }
            }
        }
    },
    "mean_mae": 0.38695532381534575,
    "std_mae": 0.005160196292756298
}