{
    "representation": "skipspecies",
    "pooling": "mean",
    "dimension": 200,
    "task": "formation_energy_per_atom",
    "classification": false,
    "repeat": {
        "1": {
            "fold": {
                "1": {
                    "val_mae": 0.0758862122893333
                },
                "2": {
                    "val_mae": 0.0798826590180397
                },
                "3": {
                    "val_mae": 0.0781795606017112
                },
                "4": {
                    "val_mae": 0.0789341330528259
                },
                "5": {
                    "val_mae": 0.0778262838721275
                }
            }
        },
        "2": {
            "fold": {
                "1": {
                    "val_mae": 0.0730211734771728
                },
                "2": {
                    "val_mae": 0.0774056985974311
                },
                "3": {
                    "val_mae": 0.0792846530675888
                },
                "4": {
                    "val_mae": 0.0758122578263282
                },
                "5": {
                    "val_mae": 0.0781815499067306
                }
            }
        }
    },
    "mean_mae": 0.07744141817092891,
    "std_mae": 0.0019349110605426786
}