{
    "representation": "skipspecies",
    "pooling": "sum",
    "dimension": 86,
    "task": "formation_energy_per_atom",
    "classification": false,
    "repeat": {
        "1": {
            "fold": {
                "1": {
                    "val_mae": 0.0835483893752098
                },
                "2": {
                    "val_mae": 0.0868674293160438
                },
                "3": {
                    "val_mae": 0.0822248309850692
                },
                "4": {
                    "val_mae": 0.083474226295948
                },
                "5": {
                    "val_mae": 0.0855792686343193
                }
            }
        },
        "2": {
            "fold": {
                "1": {
                    "val_mae": 0.0812485516071319
                },
                "2": {
                    "val_mae": 0.0935839563608169
                },
                "3": {
                    "val_mae": 0.0826084837317466
                },
                "4": {
                    "val_mae": 0.0819488242268562
                },
                "5": {
                    "val_mae": 0.0820691138505935
                }
            }
        }
    },
    "mean_mae": 0.08431530743837352,
    "std_mae": 0.0035021181641194904
}