{
    "representation": "skipspecies",
    "pooling": "sum",
    "dimension": 200,
    "task": "is_magnetic",
    "classification": true,
    "repeat": {
        "1": {
            "fold": {
                "1": {
                    "val_auc": 0.9590598344802856
                },
                "2": {
                    "val_auc": 0.9546279907226562
                },
                "3": {
                    "val_auc": 0.96659916639328
                },
                "4": {
                    "val_auc": 0.9621644616127014
                },
                "5": {
                    "val_auc": 0.9616411924362184
                }
            }
        },
        "2": {
            "fold": {
                "1": {
                    "val_auc": 0.961308777332306
                },
                "2": {
                    "val_auc": 0.9565738439559937
                },
                "3": {
                    "val_auc": 0.9585869908332824
                },
                "4": {
                    "val_auc": 0.9625744819641112
                },
                "5": {
                    "val_auc": 0.9567781090736388
                }
            }
        }
    },
    "mean_auc": 0.9599914848804474,
    "std_auc": 0.0033634156798267147
}