{
    "representation": "skipspecies",
    "pooling": "sum",
    "dimension": 300,
    "task": "is_magnetic",
    "classification": true,
    "repeat": {
        "1": {
            "fold": {
                "1": {
                    "val_auc": 0.9598451852798462
                },
                "2": {
                    "val_auc": 0.955751895904541
                },
                "3": {
                    "val_auc": 0.962897777557373
                },
                "4": {
                    "val_auc": 0.9542824625968932
                },
                "5": {
                    "val_auc": 0.955712914466858
                }
            }
        },
        "2": {
            "fold": {
                "1": {
                    "val_auc": 0.9618338346481324
                },
                "2": {
                    "val_auc": 0.9579402804374696
                },
                "3": {
                    "val_auc": 0.9569422602653505
                },
                "4": {
                    "val_auc": 0.9636983275413512
                },
                "5": {
                    "val_auc": 0.9618818163871764
                }
            }
        }
    },
    "mean_auc": 0.9590786755084991,
    "std_auc": 0.003212825001605797
}