{
    "representation": "skipspecies",
    "pooling": "sum",
    "dimension": 400,
    "task": "is_metal",
    "classification": true,
    "repeat": {
        "1": {
            "fold": {
                "1": {
                    "val_auc": 0.8908442258834839
                },
                "2": {
                    "val_auc": 0.8942438960075378
                },
                "3": {
                    "val_auc": 0.8950948119163513
                },
                "4": {
                    "val_auc": 0.900161862373352
                },
                "5": {
                    "val_auc": 0.886422872543335
                }
            }
        },
        "2": {
            "fold": {
                "1": {
                    "val_auc": 0.8888099789619446
                },
                "2": {
                    "val_auc": 0.8990803956985474
                },
                "3": {
                    "val_auc": 0.8897445201873779
                },
                "4": {
                    "val_auc": 0.8890640735626221
                },
                "5": {
                    "val_auc": 0.9038581848144532
                }
            }
        }
    },
    "mean_auc": 0.8937324821949005,
    "std_auc": 0.00546155457912315
}