{
    "representation": "skipspecies",
    "pooling": "sum",
    "dimension": 300,
    "task": "band_gap",
    "classification": false,
    "repeat": {
        "1": {
            "fold": {
                "1": {
                    "val_mae": 0.4025862514972687
                },
                "2": {
                    "val_mae": 0.3884835243225097
                },
                "3": {
                    "val_mae": 0.3792746365070343
                },
                "4": {
                    "val_mae": 0.3949427604675293
                },
                "5": {
                    "val_mae": 0.4021997451782226
                }
            }
        },
        "2": {
            "fold": {
                "1": {
                    "val_mae": 0.3830283880233764
                },
                "2": {
                    "val_mae": 0.3906335532665252
                },
                "3": {
                    "val_mae": 0.3991941809654236
                },
                "4": {
                    "val_mae": 0.4052877724170685
                },
                "5": {
                    "val_mae": 0.3963093161582947
                }
            }
        }
    },
    "mean_mae": 0.3941940128803253,
    "std_mae": 0.008247273810897949
}