{
    "representation": "skipspecies",
    "pooling": "mean",
    "dimension": 200,
    "task": "is_metal",
    "classification": true,
    "repeat": {
        "1": {
            "fold": {
                "1": {
                    "val_auc": 0.8895590305328369
                },
                "2": {
                    "val_auc": 0.8893238306045532
                },
                "3": {
                    "val_auc": 0.894903302192688
                },
                "4": {
                    "val_auc": 0.8867212533950806
                },
                "5": {
                    "val_auc": 0.900779664516449
                }
            }
        },
        "2": {
            "fold": {
                "1": {
                    "val_auc": 0.8952943086624146
                },
                "2": {
                    "val_auc": 0.8950222730636597
                },
                "3": {
                    "val_auc": 0.9015108346939088
                },
                "4": {
                    "val_auc": 0.8918657302856445
                },
                "5": {
                    "val_auc": 0.8935146927833557
                }
            }
        }
    },
    "mean_auc": 0.8938494920730591,
    "std_auc": 0.0045281977302858295
}