{
    "representation": "skipspecies",
    "pooling": "mean",
    "dimension": 400,
    "task": "formation_energy_per_atom",
    "classification": false,
    "repeat": {
        "1": {
            "fold": {
                "1": {
                    "val_mae": 0.0743384957313537
                },
                "2": {
                    "val_mae": 0.0756230950355529
                },
                "3": {
                    "val_mae": 0.077983982861042
                },
                "4": {
                    "val_mae": 0.0793517380952835
                },
                "5": {
                    "val_mae": 0.0823527798056602
                }
            }
        },
        "2": {
            "fold": {
                "1": {
                    "val_mae": 0.0699165686964988
                },
                "2": {
                    "val_mae": 0.0764992907643318
                },
                "3": {
                    "val_mae": 0.0809263810515403
                },
                "4": {
                    "val_mae": 0.0764586478471756
                },
                "5": {
                    "val_mae": 0.0742438212037086
                }
            }
        }
    },
    "mean_mae": 0.07676948010921474,
    "std_mae": 0.0034253610712255372
}