{
    "representation": "skipspecies",
    "pooling": "mean",
    "dimension": 300,
    "task": "is_metal",
    "classification": true,
    "repeat": {
        "1": {
            "fold": {
                "1": {
                    "val_auc": 0.8941436409950256
                },
                "2": {
                    "val_auc": 0.8998661041259766
                },
                "3": {
                    "val_auc": 0.8876996040344238
                },
                "4": {
                    "val_auc": 0.8882124423980713
                },
                "5": {
                    "val_auc": 0.8969879746437073
                }
            }
        },
        "2": {
            "fold": {
                "1": {
                    "val_auc": 0.8941424489021301
                },
                "2": {
                    "val_auc": 0.8932690024375916
                },
                "3": {
                    "val_auc": 0.8909357786178589
                },
                "4": {
                    "val_auc": 0.8971044421195984
                },
                "5": {
                    "val_auc": 0.8919199705123901
                }
            }
        }
    },
    "mean_auc": 0.8934281408786774,
    "std_auc": 0.00370389756802183
}