{
    "representation": "skipspecies",
    "pooling": "max",
    "dimension": 100,
    "task": "band_gap",
    "classification": false,
    "repeat": {
        "1": {
            "fold": {
                "1": {
                    "val_mae": 0.4930126070976257
                },
                "2": {
                    "val_mae": 0.4764442443847656
                },
                "3": {
                    "val_mae": 0.4621865451335907
                },
                "4": {
                    "val_mae": 0.4641073942184448
                },
                "5": {
                    "val_mae": 0.4675236046314239
                }
            }
        },
        "2": {
            "fold": {
                "1": {
                    "val_mae": 0.45602947473526
                },
                "2": {
                    "val_mae": 0.4611901342868805
                },
                "3": {
                    "val_mae": 0.491991639137268
                },
                "4": {
                    "val_mae": 0.4727263152599334
                },
                "5": {
                    "val_mae": 0.4626046419143677
                }
            }
        }
    },
    "mean_mae": 0.47078166007995603,
    "std_mae": 0.012187901699197744
}