{
    "representation": "skipspecies",
    "pooling": "sum",
    "dimension": 30,
    "task": "is_magnetic",
    "classification": true,
    "repeat": {
        "1": {
            "fold": {
                "1": {
                    "val_auc": 0.952132523059845
                },
                "2": {
                    "val_auc": 0.951018214225769
                },
                "3": {
                    "val_auc": 0.9491022825241088
                },
                "4": {
                    "val_auc": 0.9538847208023072
                },
                "5": {
                    "val_auc": 0.9407804608345032
                }
            }
        },
        "2": {
            "fold": {
                "1": {
                    "val_auc": 0.952663004398346
                },
                "2": {
                    "val_auc": 0.955952763557434
                },
                "3": {
                    "val_auc": 0.9538580179214478
                },
                "4": {
                    "val_auc": 0.9566417336463928
                },
                "5": {
                    "val_auc": 0.9516271948814392
                }
            }
        }
    },
    "mean_auc": 0.9517660915851593,
    "std_auc": 0.004236297350653017
}