{
    "representation": "skipspecies",
    "pooling": "sum",
    "dimension": 86,
    "task": "band_gap",
    "classification": false,
    "repeat": {
        "1": {
            "fold": {
                "1": {
                    "val_mae": 0.3823098838329315
                },
                "2": {
                    "val_mae": 0.4035674929618835
                },
                "3": {
                    "val_mae": 0.3877725899219513
                },
                "4": {
                    "val_mae": 0.389660894870758
                },
                "5": {
                    "val_mae": 0.37895467877388
                }
            }
        },
        "2": {
            "fold": {
                "1": {
                    "val_mae": 0.3837726712226867
                },
                "2": {
                    "val_mae": 0.3969278037548065
                },
                "3": {
                    "val_mae": 0.3892715275287628
                },
                "4": {
                    "val_mae": 0.4081441164016723
                },
                "5": {
                    "val_mae": 0.3715081512928009
                }
            }
        }
    },
    "mean_mae": 0.38918898105621336,
    "std_mae": 0.010593275663878464
}