{
    "representation": "skipspecies",
    "pooling": "max",
    "dimension": 86,
    "task": "formation_energy_per_atom",
    "classification": false,
    "repeat": {
        "1": {
            "fold": {
                "1": {
                    "val_mae": 0.1303829997777938
                },
                "2": {
                    "val_mae": 0.1283568441867828
                },
                "3": {
                    "val_mae": 0.1274386346340179
                },
                "4": {
                    "val_mae": 0.1311732232570648
                },
                "5": {
                    "val_mae": 0.1307000517845153
                }
            }
        },
        "2": {
            "fold": {
                "1": {
                    "val_mae": 0.1263878941535949
                },
                "2": {
                    "val_mae": 0.1305115520954132
                },
                "3": {
                    "val_mae": 0.1312078237533569
                },
                "4": {
                    "val_mae": 0.1280388832092285
                },
                "5": {
                    "val_mae": 0.1264804154634475
                }
            }
        }
    },
    "mean_mae": 0.12906783223152157,
    "std_mae": 0.0018326398175442578
}