{
    "representation": "skipspecies",
    "pooling": "mean",
    "dimension": 86,
    "task": "is_magnetic",
    "classification": true,
    "repeat": {
        "1": {
            "fold": {
                "1": {
                    "val_auc": 0.957189679145813
                },
                "2": {
                    "val_auc": 0.9584079384803772
                },
                "3": {
                    "val_auc": 0.950541615486145
                },
                "4": {
                    "val_auc": 0.9576453566551208
                },
                "5": {
                    "val_auc": 0.9540783762931824
                }
            }
        },
        "2": {
            "fold": {
                "1": {
                    "val_auc": 0.9586328864097596
                },
                "2": {
                    "val_auc": 0.9576757550239564
                },
                "3": {
                    "val_auc": 0.956084966659546
                },
                "4": {
                    "val_auc": 0.9543259143829346
                },
                "5": {
                    "val_auc": 0.9550280570983888
                }
            }
        }
    },
    "mean_auc": 0.9559610545635223,
    "std_auc": 0.0023850961229432534
}