{
    "representation": "skipatominduced",
    "pooling": "max",
    "dimension": 100,
    "task": "is_metal",
    "classification": true,
    "repeat": {
        "1": {
            "fold": {
                "1": {
                    "val_auc": 0.8606297969818115
                },
                "2": {
                    "val_auc": 0.8646090626716614
                },
                "3": {
                    "val_auc": 0.8648550510406494
                },
                "4": {
                    "val_auc": 0.858597993850708
                },
                "5": {
                    "val_auc": 0.8629910945892334
                }
            }
        },
        "2": {
            "fold": {
                "1": {
                    "val_auc": 0.8603000044822693
                },
                "2": {
                    "val_auc": 0.8558019399642944
                },
                "3": {
                    "val_auc": 0.8579545021057129
                },
                "4": {
                    "val_auc": 0.8566351532936096
                },
                "5": {
                    "val_auc": 0.8582659363746643
                }
            }
        }
    },
    "mean_auc": 0.8600640535354614,
    "std_auc": 0.003038252877720622
}