{
    "representation": "skipatominduced",
    "pooling": "mean",
    "dimension": 100,
    "task": "is_magnetic",
    "classification": true,
    "repeat": {
        "1": {
            "fold": {
                "1": {
                    "val_auc": 0.9544984102249146
                },
                "2": {
                    "val_auc": 0.9580497145652772
                },
                "3": {
                    "val_auc": 0.9544944167137146
                },
                "4": {
                    "val_auc": 0.9512710571289062
                },
                "5": {
                    "val_auc": 0.956798017024994
                }
            }
        },
        "2": {
            "fold": {
                "1": {
                    "val_auc": 0.9600660800933838
                },
                "2": {
                    "val_auc": 0.953736126422882
                },
                "3": {
                    "val_auc": 0.9513763189315796
                },
                "4": {
                    "val_auc": 0.9532679319381714
                },
                "5": {
                    "val_auc": 0.9540424346923828
                }
            }
        }
    },
    "mean_auc": 0.9547600507736206,
    "std_auc": 0.0026585840036278292
}