{
    "representation": "skipatominduced",
    "pooling": "max",
    "dimension": 300,
    "task": "is_metal",
    "classification": true,
    "repeat": {
        "1": {
            "fold": {
                "1": {
                    "val_auc": 0.8602691292762756
                },
                "2": {
                    "val_auc": 0.8598199486732483
                },
                "3": {
                    "val_auc": 0.854123055934906
                },
                "4": {
                    "val_auc": 0.8652764558792114
                },
                "5": {
                    "val_auc": 0.8629449605941772
                }
            }
        },
        "2": {
            "fold": {
                "1": {
                    "val_auc": 0.8592174053192139
                },
                "2": {
                    "val_auc": 0.8628738522529602
                },
                "3": {
                    "val_auc": 0.8673771023750305
                },
                "4": {
                    "val_auc": 0.8608976602554321
                },
                "5": {
                    "val_auc": 0.8661035299301147
                }
            }
        }
    },
    "mean_auc": 0.861890310049057,
    "std_auc": 0.003698328967555873
}