{
    "representation": "skipatominduced",
    "pooling": "max",
    "dimension": 200,
    "task": "is_metal",
    "classification": true,
    "repeat": {
        "1": {
            "fold": {
                "1": {
                    "val_auc": 0.8638557195663452
                },
                "2": {
                    "val_auc": 0.8616991639137268
                },
                "3": {
                    "val_auc": 0.8560301661491394
                },
                "4": {
                    "val_auc": 0.8594493865966797
                },
                "5": {
                    "val_auc": 0.8641502857208252
                }
            }
        },
        "2": {
            "fold": {
                "1": {
                    "val_auc": 0.8601856827735901
                },
                "2": {
                    "val_auc": 0.8635571599006653
                },
                "3": {
                    "val_auc": 0.8567544221878052
                },
                "4": {
                    "val_auc": 0.857825756072998
                },
                "5": {
                    "val_auc": 0.8700815439224243
                }
            }
        }
    },
    "mean_auc": 0.86135892868042,
    "std_auc": 0.004026921799381838
}