{
    "representation": "skipatominduced",
    "pooling": "sum",
    "dimension": 400,
    "task": "is_magnetic",
    "classification": true,
    "repeat": {
        "1": {
            "fold": {
                "1": {
                    "val_auc": 0.9545011520385742
                },
                "2": {
                    "val_auc": 0.9562050700187684
                },
                "3": {
                    "val_auc": 0.9524121284484864
                },
                "4": {
                    "val_auc": 0.9545877575874328
                },
                "5": {
                    "val_auc": 0.9513823986053468
                }
            }
        },
        "2": {
            "fold": {
                "1": {
                    "val_auc": 0.9505382180213928
                },
                "2": {
                    "val_auc": 0.9566609859466552
                },
                "3": {
                    "val_auc": 0.946800172328949
                },
                "4": {
                    "val_auc": 0.9463168382644652
                },
                "5": {
                    "val_auc": 0.951988697052002
                }
            }
        }
    },
    "mean_auc": 0.9521393418312073,
    "std_auc": 0.003379204699644843
}