{
    "representation": "skipatominduced",
    "pooling": "sum",
    "dimension": 30,
    "task": "band_gap",
    "classification": false,
    "repeat": {
        "1": {
            "fold": {
                "1": {
                    "val_mae": 0.4912587702274322
                },
                "2": {
                    "val_mae": 0.4825135469436645
                },
                "3": {
                    "val_mae": 0.4967204332351684
                },
                "4": {
                    "val_mae": 0.4828799962997436
                },
                "5": {
                    "val_mae": 0.4792657792568207
                }
            }
        },
        "2": {
            "fold": {
                "1": {
                    "val_mae": 0.4746087491512298
                },
                "2": {
                    "val_mae": 0.4768898785114288
                },
                "3": {
                    "val_mae": 0.5018090009689331
                },
                "4": {
                    "val_mae": 0.4850516319274902
                },
                "5": {
                    "val_mae": 0.4814432561397552
                }
            }
        }
    },
    "mean_mae": 0.4852441042661667,
    "std_mae": 0.008297293619925504
}