{
    "representation": "skipatominduced",
    "pooling": "mean",
    "dimension": 300,
    "task": "band_gap",
    "classification": false,
    "repeat": {
        "1": {
            "fold": {
                "1": {
                    "val_mae": 0.4468832015991211
                },
                "2": {
                    "val_mae": 0.4497961103916168
                },
                "3": {
                    "val_mae": 0.494473934173584
                },
                "4": {
                    "val_mae": 0.437749296426773
                },
                "5": {
                    "val_mae": 0.4415507316589355
                }
            }
        },
        "2": {
            "fold": {
                "1": {
                    "val_mae": 0.4503181576728821
                },
                "2": {
                    "val_mae": 0.4466730654239654
                },
                "3": {
                    "val_mae": 0.4495216906070709
                },
                "4": {
                    "val_mae": 0.4510178565979004
                },
                "5": {
                    "val_mae": 0.4434252381324768
                }
            }
        }
    },
    "mean_mae": 0.4511409282684326,
    "std_mae": 0.0150060039585615
}