{
    "representation": "skipatominduced",
    "pooling": "mean",
    "dimension": 30,
    "task": "is_magnetic",
    "classification": true,
    "repeat": {
        "1": {
            "fold": {
                "1": {
                    "val_auc": 0.9496549367904664
                },
                "2": {
                    "val_auc": 0.9522491097450256
                },
                "3": {
                    "val_auc": 0.944401204586029
                },
                "4": {
                    "val_auc": 0.9465420246124268
                },
                "5": {
                    "val_auc": 0.9447678327560424
                }
            }
        },
        "2": {
            "fold": {
                "1": {
                    "val_auc": 0.9457512497901917
                },
                "2": {
                    "val_auc": 0.9489130973815918
                },
                "3": {
                    "val_auc": 0.9513108134269714
                },
                "4": {
                    "val_auc": 0.944490373134613
                },
                "5": {
                    "val_auc": 0.9410309195518494
                }
            }
        }
    },
    "mean_auc": 0.9469111561775208,
    "std_auc": 0.003349619969088103
}