{
    "representation": "skipatominduced",
    "pooling": "sum",
    "dimension": 86,
    "task": "is_magnetic",
    "classification": true,
    "repeat": {
        "1": {
            "fold": {
                "1": {
                    "val_auc": 0.95220148563385
                },
                "2": {
                    "val_auc": 0.9543951153755188
                },
                "3": {
                    "val_auc": 0.9473499059677124
                },
                "4": {
                    "val_auc": 0.9524085521697998
                },
                "5": {
                    "val_auc": 0.9537738561630248
                }
            }
        },
        "2": {
            "fold": {
                "1": {
                    "val_auc": 0.952567994594574
                },
                "2": {
                    "val_auc": 0.9552358984947203
                },
                "3": {
                    "val_auc": 0.952854573726654
                },
                "4": {
                    "val_auc": 0.9438785314559937
                },
                "5": {
                    "val_auc": 0.9510127902030944
                }
            }
        }
    },
    "mean_auc": 0.9515678703784942,
    "std_auc": 0.0032757206348040455
}