{
    "representation": "skipatominduced",
    "pooling": "max",
    "dimension": 86,
    "task": "is_metal",
    "classification": true,
    "repeat": {
        "1": {
            "fold": {
                "1": {
                    "val_auc": 0.8471524715423584
                },
                "2": {
                    "val_auc": 0.8413290977478027
                },
                "3": {
                    "val_auc": 0.8360422253608704
                },
                "4": {
                    "val_auc": 0.8522866368293762
                },
                "5": {
                    "val_auc": 0.8524710536003113
                }
            }
        },
        "2": {
            "fold": {
                "1": {
                    "val_auc": 0.8447122573852539
                },
                "2": {
                    "val_auc": 0.8469806909561157
                },
                "3": {
                    "val_auc": 0.8579862117767334
                },
                "4": {
                    "val_auc": 0.8453879356384277
                },
                "5": {
                    "val_auc": 0.8433876633644104
                }
            }
        }
    },
    "mean_auc": 0.846773624420166,
    "std_auc": 0.005926233358443734
}