{
    "representation": "skipatominduced",
    "pooling": "mean",
    "dimension": 300,
    "task": "is_magnetic",
    "classification": true,
    "repeat": {
        "1": {
            "fold": {
                "1": {
                    "val_auc": 0.952076494693756
                },
                "2": {
                    "val_auc": 0.95686674118042
                },
                "3": {
                    "val_auc": 0.95700865983963
                },
                "4": {
                    "val_auc": 0.9526842832565308
                },
                "5": {
                    "val_auc": 0.9558794498443604
                }
            }
        },
        "2": {
            "fold": {
                "1": {
                    "val_auc": 0.9527311325073242
                },
                "2": {
                    "val_auc": 0.953725814819336
                },
                "3": {
                    "val_auc": 0.9481745958328248
                },
                "4": {
                    "val_auc": 0.9508324861526488
                },
                "5": {
                    "val_auc": 0.9522255063056946
                }
            }
        }
    },
    "mean_auc": 0.9532205164432526,
    "std_auc": 0.002626025810723892
}