{
    "representation": "skipatominduced",
    "pooling": "max",
    "dimension": 400,
    "task": "is_magnetic",
    "classification": true,
    "repeat": {
        "1": {
            "fold": {
                "1": {
                    "val_auc": 0.9342558979988098
                },
                "2": {
                    "val_auc": 0.9361960887908936
                },
                "3": {
                    "val_auc": 0.9348902702331544
                },
                "4": {
                    "val_auc": 0.9402755498886108
                },
                "5": {
                    "val_auc": 0.932177722454071
                }
            }
        },
        "2": {
            "fold": {
                "1": {
                    "val_auc": 0.938241481781006
                },
                "2": {
                    "val_auc": 0.9353083968162536
                },
                "3": {
                    "val_auc": 0.9314579367637634
                },
                "4": {
                    "val_auc": 0.9328015446662904
                },
                "5": {
                    "val_auc": 0.9365099668502808
                }
            }
        }
    },
    "mean_auc": 0.9352114856243133,
    "std_auc": 0.0026001442793007383
}