{
    "representation": "skipatominduced",
    "pooling": "max",
    "dimension": 100,
    "task": "formation_energy_per_atom",
    "classification": false,
    "repeat": {
        "1": {
            "fold": {
                "1": {
                    "val_mae": 0.1116039082407951
                },
                "2": {
                    "val_mae": 0.1102728098630905
                },
                "3": {
                    "val_mae": 0.1076782122254371
                },
                "4": {
                    "val_mae": 0.1076512187719345
                },
                "5": {
                    "val_mae": 0.1122402176260948
                }
            }
        },
        "2": {
            "fold": {
                "1": {
                    "val_mae": 0.1045347824692726
                },
                "2": {
                    "val_mae": 0.1074718236923217
                },
                "3": {
                    "val_mae": 0.1179461330175399
                },
                "4": {
                    "val_mae": 0.1097138822078704
                },
                "5": {
                    "val_mae": 0.1092424318194389
                }
            }
        }
    },
    "mean_mae": 0.10983554199337955,
    "std_mae": 0.003440343154672919
}