{
    "representation": "skipatominduced",
    "pooling": "max",
    "dimension": 300,
    "task": "is_magnetic",
    "classification": true,
    "repeat": {
        "1": {
            "fold": {
                "1": {
                    "val_auc": 0.9400639533996582
                },
                "2": {
                    "val_auc": 0.9345986843109132
                },
                "3": {
                    "val_auc": 0.9313579797744752
                },
                "4": {
                    "val_auc": 0.93238627910614
                },
                "5": {
                    "val_auc": 0.9316826462745668
                }
            }
        },
        "2": {
            "fold": {
                "1": {
                    "val_auc": 0.9323805570602416
                },
                "2": {
                    "val_auc": 0.937110185623169
                },
                "3": {
                    "val_auc": 0.93415367603302
                },
                "4": {
                    "val_auc": 0.9395545721054076
                },
                "5": {
                    "val_auc": 0.9325406551361084
                }
            }
        }
    },
    "mean_auc": 0.93458291888237,
    "std_auc": 0.003065761387682196
}