{
    "representation": "skipatominduced",
    "pooling": "sum",
    "dimension": 300,
    "task": "formation_energy_per_atom",
    "classification": false,
    "repeat": {
        "1": {
            "fold": {
                "1": {
                    "val_mae": 0.0758129432797432
                },
                "2": {
                    "val_mae": 0.0774255767464637
                },
                "3": {
                    "val_mae": 0.0717200338840484
                },
                "4": {
                    "val_mae": 0.0763159766793251
                },
                "5": {
                    "val_mae": 0.0744630172848701
                }
            }
        },
        "2": {
            "fold": {
                "1": {
                    "val_mae": 0.0745172724127769
                },
                "2": {
                    "val_mae": 0.0753872841596603
                },
                "3": {
                    "val_mae": 0.0753919333219528
                },
                "4": {
                    "val_mae": 0.0762014240026474
                },
                "5": {
                    "val_mae": 0.0753161609172821
                }
            }
        }
    },
    "mean_mae": 0.075255162268877,
    "std_mae": 0.001440539770556433
}