{
    "representation": "skipatominduced",
    "pooling": "mean",
    "dimension": 200,
    "task": "band_gap",
    "classification": false,
    "repeat": {
        "1": {
            "fold": {
                "1": {
                    "val_mae": 0.471294492483139
                },
                "2": {
                    "val_mae": 0.4590453803539276
                },
                "3": {
                    "val_mae": 0.4470062255859375
                },
                "4": {
                    "val_mae": 0.4600571990013122
                },
                "5": {
                    "val_mae": 0.4473121166229248
                }
            }
        },
        "2": {
            "fold": {
                "1": {
                    "val_mae": 0.4391982853412628
                },
                "2": {
                    "val_mae": 0.4431296586990356
                },
                "3": {
                    "val_mae": 0.4461475610733032
                },
                "4": {
                    "val_mae": 0.4547910392284393
                },
                "5": {
                    "val_mae": 0.4472449123859405
                }
            }
        }
    },
    "mean_mae": 0.4515226870775223,
    "std_mae": 0.00915798935377318
}