{
    "representation": "skipatominduced",
    "pooling": "mean",
    "dimension": 200,
    "task": "formation_energy_per_atom",
    "classification": false,
    "repeat": {
        "1": {
            "fold": {
                "1": {
                    "val_mae": 0.0792173892259597
                },
                "2": {
                    "val_mae": 0.077175959944725
                },
                "3": {
                    "val_mae": 0.075362242758274
                },
                "4": {
                    "val_mae": 0.0830595046281814
                },
                "5": {
                    "val_mae": 0.0759078413248062
                }
            }
        },
        "2": {
            "fold": {
                "1": {
                    "val_mae": 0.0723889172077179
                },
                "2": {
                    "val_mae": 0.0778132602572441
                },
                "3": {
                    "val_mae": 0.0838570818305015
                },
                "4": {
                    "val_mae": 0.0727526098489761
                },
                "5": {
                    "val_mae": 0.0781618878245353
                }
            }
        }
    },
    "mean_mae": 0.07756966948509213,
    "std_mae": 0.0036142572370818104
}