{
    "representation": "skipatominduced",
    "pooling": "max",
    "dimension": 300,
    "task": "band_gap",
    "classification": false,
    "repeat": {
        "1": {
            "fold": {
                "1": {
                    "val_mae": 0.556241512298584
                },
                "2": {
                    "val_mae": 0.5497777462005615
                },
                "3": {
                    "val_mae": 0.5742614269256592
                },
                "4": {
                    "val_mae": 0.5317766070365906
                },
                "5": {
                    "val_mae": 0.5466157793998718
                }
            }
        },
        "2": {
            "fold": {
                "1": {
                    "val_mae": 0.5556067228317261
                },
                "2": {
                    "val_mae": 0.5392418503761292
                },
                "3": {
                    "val_mae": 0.5588732361793518
                },
                "4": {
                    "val_mae": 0.5506250858306885
                },
                "5": {
                    "val_mae": 0.559978187084198
                }
            }
        }
    },
    "mean_mae": 0.5522998154163361,
    "std_mae": 0.011154096081663338
}