{
    "representation": "skipatominduced",
    "pooling": "sum",
    "dimension": 100,
    "task": "is_magnetic",
    "classification": true,
    "repeat": {
        "1": {
            "fold": {
                "1": {
                    "val_auc": 0.9535221457481384
                },
                "2": {
                    "val_auc": 0.9595564007759094
                },
                "3": {
                    "val_auc": 0.9566182494163512
                },
                "4": {
                    "val_auc": 0.9537835717201232
                },
                "5": {
                    "val_auc": 0.9568877220153807
                }
            }
        },
        "2": {
            "fold": {
                "1": {
                    "val_auc": 0.9617031812667848
                },
                "2": {
                    "val_auc": 0.9587202668190002
                },
                "3": {
                    "val_auc": 0.9519076943397522
                },
                "4": {
                    "val_auc": 0.951560080051422
                },
                "5": {
                    "val_auc": 0.9574803113937378
                }
            }
        }
    },
    "mean_auc": 0.95617396235466,
    "std_auc": 0.0032116235912491766
}