{
    "representation": "skipatominduced",
    "pooling": "mean",
    "dimension": 400,
    "task": "is_magnetic",
    "classification": true,
    "repeat": {
        "1": {
            "fold": {
                "1": {
                    "val_auc": 0.9568758606910706
                },
                "2": {
                    "val_auc": 0.9485450983047484
                },
                "3": {
                    "val_auc": 0.9539840817451476
                },
                "4": {
                    "val_auc": 0.9505380392074584
                },
                "5": {
                    "val_auc": 0.9493660926818848
                }
            }
        },
        "2": {
            "fold": {
                "1": {
                    "val_auc": 0.9556461572647096
                },
                "2": {
                    "val_auc": 0.9505934715270996
                },
                "3": {
                    "val_auc": 0.9517191648483276
                },
                "4": {
                    "val_auc": 0.9558339715003968
                },
                "5": {
                    "val_auc": 0.9514776468276978
                }
            }
        }
    },
    "mean_auc": 0.9524579584598541,
    "std_auc": 0.0027739561101934504
}