{
    "representation": "skipatominduced",
    "pooling": "sum",
    "dimension": 100,
    "task": "is_metal",
    "classification": true,
    "repeat": {
        "1": {
            "fold": {
                "1": {
                    "val_auc": 0.8819767832756042
                },
                "2": {
                    "val_auc": 0.8859480619430542
                },
                "3": {
                    "val_auc": 0.8753257393836975
                },
                "4": {
                    "val_auc": 0.878272533416748
                },
                "5": {
                    "val_auc": 0.8918741941452026
                }
            }
        },
        "2": {
            "fold": {
                "1": {
                    "val_auc": 0.8859591484069824
                },
                "2": {
                    "val_auc": 0.8793506622314453
                },
                "3": {
                    "val_auc": 0.8914867639541626
                },
                "4": {
                    "val_auc": 0.8792928457260132
                },
                "5": {
                    "val_auc": 0.8799512982368469
                }
            }
        }
    },
    "mean_auc": 0.8829438030719757,
    "std_auc": 0.005355725551934392
}