{
    "representation": "skipatominduced",
    "pooling": "sum",
    "dimension": 86,
    "task": "formation_energy_per_atom",
    "classification": false,
    "repeat": {
        "1": {
            "fold": {
                "1": {
                    "val_mae": 0.0755484253168106
                },
                "2": {
                    "val_mae": 0.0790429264307022
                },
                "3": {
                    "val_mae": 0.074398398399353
                },
                "4": {
                    "val_mae": 0.0765410214662551
                },
                "5": {
                    "val_mae": 0.0810527428984642
                }
            }
        },
        "2": {
            "fold": {
                "1": {
                    "val_mae": 0.0749983713030815
                },
                "2": {
                    "val_mae": 0.0820713117718696
                },
                "3": {
                    "val_mae": 0.0764310508966445
                },
                "4": {
                    "val_mae": 0.0781910046935081
                },
                "5": {
                    "val_mae": 0.0776397138833999
                }
            }
        }
    },
    "mean_mae": 0.07759149670600887,
    "std_mae": 0.0024096016425238656
}