{
    "representation": "skipatominduced",
    "pooling": "mean",
    "dimension": 300,
    "task": "formation_energy_per_atom",
    "classification": false,
    "repeat": {
        "1": {
            "fold": {
                "1": {
                    "val_mae": 0.0741747319698333
                },
                "2": {
                    "val_mae": 0.0793414562940597
                },
                "3": {
                    "val_mae": 0.073450930416584
                },
                "4": {
                    "val_mae": 0.0753066018223762
                },
                "5": {
                    "val_mae": 0.083240270614624
                }
            }
        },
        "2": {
            "fold": {
                "1": {
                    "val_mae": 0.0711578950285911
                },
                "2": {
                    "val_mae": 0.0801966190338134
                },
                "3": {
                    "val_mae": 0.085243210196495
                },
                "4": {
                    "val_mae": 0.0790978595614433
                },
                "5": {
                    "val_mae": 0.0785368606448173
                }
            }
        }
    },
    "mean_mae": 0.07797464355826374,
    "std_mae": 0.004212264942656112
}