{
    "representation": "skipatominduced",
    "pooling": "max",
    "dimension": 300,
    "task": "formation_energy_per_atom",
    "classification": false,
    "repeat": {
        "1": {
            "fold": {
                "1": {
                    "val_mae": 0.1114530488848686
                },
                "2": {
                    "val_mae": 0.1057175770401954
                },
                "3": {
                    "val_mae": 0.1053662598133087
                },
                "4": {
                    "val_mae": 0.1072417423129081
                },
                "5": {
                    "val_mae": 0.1077794581651687
                }
            }
        },
        "2": {
            "fold": {
                "1": {
                    "val_mae": 0.105174720287323
                },
                "2": {
                    "val_mae": 0.1103269010782241
                },
                "3": {
                    "val_mae": 0.1076533421874046
                },
                "4": {
                    "val_mae": 0.1075968518853187
                },
                "5": {
                    "val_mae": 0.1078027412295341
                }
            }
        }
    },
    "mean_mae": 0.1076112642884254,
    "std_mae": 0.0019209454071569476
}