{
    "representation": "skipatominduced",
    "pooling": "max",
    "dimension": 400,
    "task": "is_metal",
    "classification": true,
    "repeat": {
        "1": {
            "fold": {
                "1": {
                    "val_auc": 0.8737423419952393
                },
                "2": {
                    "val_auc": 0.8630202412605286
                },
                "3": {
                    "val_auc": 0.8561062812805176
                },
                "4": {
                    "val_auc": 0.8613724112510681
                },
                "5": {
                    "val_auc": 0.8551067113876343
                }
            }
        },
        "2": {
            "fold": {
                "1": {
                    "val_auc": 0.8494988083839417
                },
                "2": {
                    "val_auc": 0.8555080890655518
                },
                "3": {
                    "val_auc": 0.8644272685050964
                },
                "4": {
                    "val_auc": 0.8491834998130798
                },
                "5": {
                    "val_auc": 0.863483190536499
                }
            }
        }
    },
    "mean_auc": 0.8591448843479157,
    "std_auc": 0.007147256206248259
}