{
    "representation": "skipatominduced",
    "pooling": "sum",
    "dimension": 200,
    "task": "band_gap",
    "classification": false,
    "repeat": {
        "1": {
            "fold": {
                "1": {
                    "val_mae": 0.4440376162528991
                },
                "2": {
                    "val_mae": 0.450025737285614
                },
                "3": {
                    "val_mae": 0.4567759037017822
                },
                "4": {
                    "val_mae": 0.4508826434612274
                },
                "5": {
                    "val_mae": 0.4507481753826141
                }
            }
        },
        "2": {
            "fold": {
                "1": {
                    "val_mae": 0.4566653370857239
                },
                "2": {
                    "val_mae": 0.4580413997173309
                },
                "3": {
                    "val_mae": 0.4573953151702881
                },
                "4": {
                    "val_mae": 0.4764779210090637
                },
                "5": {
                    "val_mae": 0.4663440585136413
                }
            }
        }
    },
    "mean_mae": 0.4567394107580185,
    "std_mae": 0.00872121476383246
}