{
    "representation": "skipatominduced",
    "pooling": "mean",
    "dimension": 30,
    "task": "formation_energy_per_atom",
    "classification": false,
    "repeat": {
        "1": {
            "fold": {
                "1": {
                    "val_mae": 0.0859143286943435
                },
                "2": {
                    "val_mae": 0.083043485879898
                },
                "3": {
                    "val_mae": 0.0826687738299369
                },
                "4": {
                    "val_mae": 0.0812832862138748
                },
                "5": {
                    "val_mae": 0.08180982619524
                }
            }
        },
        "2": {
            "fold": {
                "1": {
                    "val_mae": 0.0773339569568634
                },
                "2": {
                    "val_mae": 0.0831815972924232
                },
                "3": {
                    "val_mae": 0.080210231244564
                },
                "4": {
                    "val_mae": 0.0827407240867614
                },
                "5": {
                    "val_mae": 0.0836268588900566
                }
            }
        }
    },
    "mean_mae": 0.08218130692839618,
    "std_mae": 0.002159767513173003
}