{
    "representation": "skipatominduced",
    "pooling": "mean",
    "dimension": 86,
    "task": "is_magnetic",
    "classification": true,
    "repeat": {
        "1": {
            "fold": {
                "1": {
                    "val_auc": 0.9528518319129944
                },
                "2": {
                    "val_auc": 0.9521282315254213
                },
                "3": {
                    "val_auc": 0.9527270197868348
                },
                "4": {
                    "val_auc": 0.9447113871574402
                },
                "5": {
                    "val_auc": 0.9489446878433228
                }
            }
        },
        "2": {
            "fold": {
                "1": {
                    "val_auc": 0.9575778841972352
                },
                "2": {
                    "val_auc": 0.9515860676765442
                },
                "3": {
                    "val_auc": 0.9492458701133728
                },
                "4": {
                    "val_auc": 0.9530306458473206
                },
                "5": {
                    "val_auc": 0.9516069293022156
                }
            }
        }
    },
    "mean_auc": 0.9514410555362701,
    "std_auc": 0.0031731898472250157
}