{
    "representation": "skipatominduced",
    "pooling": "sum",
    "dimension": 200,
    "task": "is_metal",
    "classification": true,
    "repeat": {
        "1": {
            "fold": {
                "1": {
                    "val_auc": 0.8815193176269531
                },
                "2": {
                    "val_auc": 0.8743449449539185
                },
                "3": {
                    "val_auc": 0.8756970763206482
                },
                "4": {
                    "val_auc": 0.8717184662818909
                },
                "5": {
                    "val_auc": 0.8768647313117981
                }
            }
        },
        "2": {
            "fold": {
                "1": {
                    "val_auc": 0.887723982334137
                },
                "2": {
                    "val_auc": 0.8721106052398682
                },
                "3": {
                    "val_auc": 0.8787335753440857
                },
                "4": {
                    "val_auc": 0.8734900951385498
                },
                "5": {
                    "val_auc": 0.8790682554244995
                }
            }
        }
    },
    "mean_auc": 0.8771271049976349,
    "std_auc": 0.004641496232777027
}