{
    "representation": "skipatominduced",
    "pooling": "mean",
    "dimension": 86,
    "task": "is_metal",
    "classification": true,
    "repeat": {
        "1": {
            "fold": {
                "1": {
                    "val_auc": 0.8805405497550964
                },
                "2": {
                    "val_auc": 0.874463677406311
                },
                "3": {
                    "val_auc": 0.8788133859634399
                },
                "4": {
                    "val_auc": 0.8820546865463257
                },
                "5": {
                    "val_auc": 0.8794365525245667
                }
            }
        },
        "2": {
            "fold": {
                "1": {
                    "val_auc": 0.8831107020378113
                },
                "2": {
                    "val_auc": 0.8784727454185486
                },
                "3": {
                    "val_auc": 0.8792797327041626
                },
                "4": {
                    "val_auc": 0.881781280040741
                },
                "5": {
                    "val_auc": 0.8850501775741577
                }
            }
        }
    },
    "mean_auc": 0.8803003489971161,
    "std_auc": 0.002778367150819934
}