{
    "representation": "skipatominduced",
    "pooling": "mean",
    "dimension": 100,
    "task": "is_metal",
    "classification": true,
    "repeat": {
        "1": {
            "fold": {
                "1": {
                    "val_auc": 0.8846397399902344
                },
                "2": {
                    "val_auc": 0.8860543966293335
                },
                "3": {
                    "val_auc": 0.8864955306053162
                },
                "4": {
                    "val_auc": 0.8879302144050598
                },
                "5": {
                    "val_auc": 0.8902300596237183
                }
            }
        },
        "2": {
            "fold": {
                "1": {
                    "val_auc": 0.8861926794052124
                },
                "2": {
                    "val_auc": 0.8887379169464111
                },
                "3": {
                    "val_auc": 0.8850678205490112
                },
                "4": {
                    "val_auc": 0.8848016858100891
                },
                "5": {
                    "val_auc": 0.8908146619796753
                }
            }
        }
    },
    "mean_auc": 0.8870964705944061,
    "std_auc": 0.0021145843860614936
}