{
    "representation": "skipatominduced",
    "pooling": "mean",
    "dimension": 86,
    "task": "formation_energy_per_atom",
    "classification": false,
    "repeat": {
        "1": {
            "fold": {
                "1": {
                    "val_mae": 0.0766173675656318
                },
                "2": {
                    "val_mae": 0.0778917223215103
                },
                "3": {
                    "val_mae": 0.0808977633714675
                },
                "4": {
                    "val_mae": 0.0803071334958076
                },
                "5": {
                    "val_mae": 0.0804001167416572
                }
            }
        },
        "2": {
            "fold": {
                "1": {
                    "val_mae": 0.0730825215578079
                },
                "2": {
                    "val_mae": 0.0812248438596725
                },
                "3": {
                    "val_mae": 0.0792254880070686
                },
                "4": {
                    "val_mae": 0.0798794701695442
                },
                "5": {
                    "val_mae": 0.0753928199410438
                }
            }
        }
    },
    "mean_mae": 0.07849192470312114,
    "std_mae": 0.0025572794968302358
}