{
    "representation": "skipatominduced",
    "pooling": "mean",
    "dimension": 30,
    "task": "is_metal",
    "classification": true,
    "repeat": {
        "1": {
            "fold": {
                "1": {
                    "val_auc": 0.8752607107162476
                },
                "2": {
                    "val_auc": 0.8802614212036133
                },
                "3": {
                    "val_auc": 0.8761278390884399
                },
                "4": {
                    "val_auc": 0.8763638734817505
                },
                "5": {
                    "val_auc": 0.8788408041000366
                }
            }
        },
        "2": {
            "fold": {
                "1": {
                    "val_auc": 0.8762871026992798
                },
                "2": {
                    "val_auc": 0.8768813014030457
                },
                "3": {
                    "val_auc": 0.8705130219459534
                },
                "4": {
                    "val_auc": 0.875054121017456
                },
                "5": {
                    "val_auc": 0.8818537592887878
                }
            }
        }
    },
    "mean_auc": 0.876744395494461,
    "std_auc": 0.002958228534532072
}