{
    "representation": "skipatominduced",
    "pooling": "sum",
    "dimension": 30,
    "task": "is_magnetic",
    "classification": true,
    "repeat": {
        "1": {
            "fold": {
                "1": {
                    "val_auc": 0.9392770528793336
                },
                "2": {
                    "val_auc": 0.9471004605293274
                },
                "3": {
                    "val_auc": 0.9469519257545472
                },
                "4": {
                    "val_auc": 0.9449746608734132
                },
                "5": {
                    "val_auc": 0.948636531829834
                }
            }
        },
        "2": {
            "fold": {
                "1": {
                    "val_auc": 0.9427647590637208
                },
                "2": {
                    "val_auc": 0.9447685480117798
                },
                "3": {
                    "val_auc": 0.9458523988723756
                },
                "4": {
                    "val_auc": 0.9457967877388
                },
                "5": {
                    "val_auc": 0.9436326622962952
                }
            }
        }
    },
    "mean_auc": 0.9449755787849426,
    "std_auc": 0.002499481010052395
}