{
    "representation": "skipatominduced",
    "pooling": "mean",
    "dimension": 300,
    "task": "is_metal",
    "classification": true,
    "repeat": {
        "1": {
            "fold": {
                "1": {
                    "val_auc": 0.8834575414657593
                },
                "2": {
                    "val_auc": 0.8851324915885925
                },
                "3": {
                    "val_auc": 0.8822022676467896
                },
                "4": {
                    "val_auc": 0.8727912902832031
                },
                "5": {
                    "val_auc": 0.8777554631233215
                }
            }
        },
        "2": {
            "fold": {
                "1": {
                    "val_auc": 0.8831679224967957
                },
                "2": {
                    "val_auc": 0.8839927911758423
                },
                "3": {
                    "val_auc": 0.8815204501152039
                },
                "4": {
                    "val_auc": 0.8787932991981506
                },
                "5": {
                    "val_auc": 0.8884300589561462
                }
            }
        }
    },
    "mean_auc": 0.8817243576049805,
    "std_auc": 0.004137974135461483
}