{
    "representation": "skipatominduced",
    "pooling": "sum",
    "dimension": 300,
    "task": "band_gap",
    "classification": false,
    "repeat": {
        "1": {
            "fold": {
                "1": {
                    "val_mae": 0.4543304741382599
                },
                "2": {
                    "val_mae": 0.4546240866184234
                },
                "3": {
                    "val_mae": 0.4863786399364471
                },
                "4": {
                    "val_mae": 0.4551531374454498
                },
                "5": {
                    "val_mae": 0.4602087736129761
                }
            }
        },
        "2": {
            "fold": {
                "1": {
                    "val_mae": 0.4478351175785064
                },
                "2": {
                    "val_mae": 0.4402098357677459
                },
                "3": {
                    "val_mae": 0.4898310601711273
                },
                "4": {
                    "val_mae": 0.4565194249153137
                },
                "5": {
                    "val_mae": 0.4843934178352356
                }
            }
        }
    },
    "mean_mae": 0.46294839680194855,
    "std_mae": 0.016523202447809412
}