{
    "representation": "skipatominduced",
    "pooling": "mean",
    "dimension": 86,
    "task": "band_gap",
    "classification": false,
    "repeat": {
        "1": {
            "fold": {
                "1": {
                    "val_mae": 0.445894718170166
                },
                "2": {
                    "val_mae": 0.4490697085857391
                },
                "3": {
                    "val_mae": 0.4532588422298431
                },
                "4": {
                    "val_mae": 0.4671311378479004
                },
                "5": {
                    "val_mae": 0.455925315618515
                }
            }
        },
        "2": {
            "fold": {
                "1": {
                    "val_mae": 0.4518713057041168
                },
                "2": {
                    "val_mae": 0.4546910226345062
                },
                "3": {
                    "val_mae": 0.4473514258861542
                },
                "4": {
                    "val_mae": 0.447140097618103
                },
                "5": {
                    "val_mae": 0.44485804438591
                }
            }
        }
    },
    "mean_mae": 0.4517191618680954,
    "std_mae": 0.0062810037410908175
}