{
    "representation": "skipatominduced",
    "pooling": "sum",
    "dimension": 400,
    "task": "formation_energy_per_atom",
    "classification": false,
    "repeat": {
        "1": {
            "fold": {
                "1": {
                    "val_mae": 0.0777936652302742
                },
                "2": {
                    "val_mae": 0.0767631977796554
                },
                "3": {
                    "val_mae": 0.0722558572888374
                },
                "4": {
                    "val_mae": 0.0723471492528915
                },
                "5": {
                    "val_mae": 0.0774732381105423
                }
            }
        },
        "2": {
            "fold": {
                "1": {
                    "val_mae": 0.0724985301494598
                },
                "2": {
                    "val_mae": 0.0765299052000045
                },
                "3": {
                    "val_mae": 0.0812490209937095
                },
                "4": {
                    "val_mae": 0.0763021558523178
                },
                "5": {
                    "val_mae": 0.0791599601507186
                }
            }
        }
    },
    "mean_mae": 0.0762372680008411,
    "std_mae": 0.002879914180324613
}