{
    "representation": "skipatominduced",
    "pooling": "mean",
    "dimension": 100,
    "task": "formation_energy_per_atom",
    "classification": false,
    "repeat": {
        "1": {
            "fold": {
                "1": {
                    "val_mae": 0.0748553946614265
                },
                "2": {
                    "val_mae": 0.0768949389457702
                },
                "3": {
                    "val_mae": 0.0774260088801384
                },
                "4": {
                    "val_mae": 0.0730929151177406
                },
                "5": {
                    "val_mae": 0.0770068690180778
                }
            }
        },
        "2": {
            "fold": {
                "1": {
                    "val_mae": 0.0775379166007042
                },
                "2": {
                    "val_mae": 0.0743391662836074
                },
                "3": {
                    "val_mae": 0.0789306685328483
                },
                "4": {
                    "val_mae": 0.0901456996798515
                },
                "5": {
                    "val_mae": 0.0756389796733856
                }
            }
        }
    },
    "mean_mae": 0.07758685573935506,
    "std_mae": 0.004498576264146259
}