{
    "representation": "skipatominduced",
    "pooling": "mean",
    "dimension": 200,
    "task": "is_magnetic",
    "classification": true,
    "repeat": {
        "1": {
            "fold": {
                "1": {
                    "val_auc": 0.955791473388672
                },
                "2": {
                    "val_auc": 0.9543412923812866
                },
                "3": {
                    "val_auc": 0.9558863639831544
                },
                "4": {
                    "val_auc": 0.949901044368744
                },
                "5": {
                    "val_auc": 0.952745795249939
                }
            }
        },
        "2": {
            "fold": {
                "1": {
                    "val_auc": 0.9546838402748108
                },
                "2": {
                    "val_auc": 0.9510735869407654
                },
                "3": {
                    "val_auc": 0.9491925835609436
                },
                "4": {
                    "val_auc": 0.94997900724411
                },
                "5": {
                    "val_auc": 0.9571169018745422
                }
            }
        }
    },
    "mean_auc": 0.9530711889266967,
    "std_auc": 0.0027323622922963108
}