{
    "representation": "skipatominduced",
    "pooling": "sum",
    "dimension": 200,
    "task": "formation_energy_per_atom",
    "classification": false,
    "repeat": {
        "1": {
            "fold": {
                "1": {
                    "val_mae": 0.0752208232879638
                },
                "2": {
                    "val_mae": 0.0763472318649292
                },
                "3": {
                    "val_mae": 0.0753626674413681
                },
                "4": {
                    "val_mae": 0.0746421962976455
                },
                "5": {
                    "val_mae": 0.0761671587824821
                }
            }
        },
        "2": {
            "fold": {
                "1": {
                    "val_mae": 0.0724187344312667
                },
                "2": {
                    "val_mae": 0.0762533619999885
                },
                "3": {
                    "val_mae": 0.0745699852705001
                },
                "4": {
                    "val_mae": 0.0759337693452835
                },
                "5": {
                    "val_mae": 0.0753724202513694
                }
            }
        }
    },
    "mean_mae": 0.07522883489727969,
    "std_mae": 0.0011131637905978245
}