{
    "representation": "skipatominduced",
    "pooling": "max",
    "dimension": 100,
    "task": "is_magnetic",
    "classification": true,
    "repeat": {
        "1": {
            "fold": {
                "1": {
                    "val_auc": 0.9353694319725036
                },
                "2": {
                    "val_auc": 0.9364490509033204
                },
                "3": {
                    "val_auc": 0.9311979413032532
                },
                "4": {
                    "val_auc": 0.935130536556244
                },
                "5": {
                    "val_auc": 0.9382564425468444
                }
            }
        },
        "2": {
            "fold": {
                "1": {
                    "val_auc": 0.9318854808807372
                },
                "2": {
                    "val_auc": 0.9368022680282592
                },
                "3": {
                    "val_auc": 0.9388653039932252
                },
                "4": {
                    "val_auc": 0.93146550655365
                },
                "5": {
                    "val_auc": 0.928692638874054
                }
            }
        }
    },
    "mean_auc": 0.9344114601612091,
    "std_auc": 0.003225119655401514
}