{
    "representation": "skipatominduced",
    "pooling": "sum",
    "dimension": 30,
    "task": "formation_energy_per_atom",
    "classification": false,
    "repeat": {
        "1": {
            "fold": {
                "1": {
                    "val_mae": 0.0858248695731163
                },
                "2": {
                    "val_mae": 0.0856874138116836
                },
                "3": {
                    "val_mae": 0.0838513821363449
                },
                "4": {
                    "val_mae": 0.0830813720822334
                },
                "5": {
                    "val_mae": 0.08474051207304
                }
            }
        },
        "2": {
            "fold": {
                "1": {
                    "val_mae": 0.0808722302317619
                },
                "2": {
                    "val_mae": 0.0877221748232841
                },
                "3": {
                    "val_mae": 0.0868206769227981
                },
                "4": {
                    "val_mae": 0.085415206849575
                },
                "5": {
                    "val_mae": 0.0839255526661872
                }
            }
        }
    },
    "mean_mae": 0.08479413911700245,
    "std_mae": 0.001867816047790127
}