{
    "representation": "skipatominduced",
    "pooling": "sum",
    "dimension": 30,
    "task": "is_metal",
    "classification": true,
    "repeat": {
        "1": {
            "fold": {
                "1": {
                    "val_auc": 0.8716581463813782
                },
                "2": {
                    "val_auc": 0.88251793384552
                },
                "3": {
                    "val_auc": 0.8732216358184814
                },
                "4": {
                    "val_auc": 0.8700180649757385
                },
                "5": {
                    "val_auc": 0.8647339940071106
                }
            }
        },
        "2": {
            "fold": {
                "1": {
                    "val_auc": 0.8698391318321228
                },
                "2": {
                    "val_auc": 0.8814840912818909
                },
                "3": {
                    "val_auc": 0.8705524206161499
                },
                "4": {
                    "val_auc": 0.8749065399169922
                },
                "5": {
                    "val_auc": 0.8745566010475159
                }
            }
        }
    },
    "mean_auc": 0.8733488559722901,
    "std_auc": 0.005123104366470886
}