{
    "representation": "skipatominduced",
    "pooling": "max",
    "dimension": 30,
    "task": "band_gap",
    "classification": false,
    "repeat": {
        "1": {
            "fold": {
                "1": {
                    "val_mae": 0.6816067099571228
                },
                "2": {
                    "val_mae": 0.6773813962936401
                },
                "3": {
                    "val_mae": 0.6825754642486572
                },
                "4": {
                    "val_mae": 0.6713666319847107
                },
                "5": {
                    "val_mae": 0.671218991279602
                }
            }
        },
        "2": {
            "fold": {
                "1": {
                    "val_mae": 0.6688637137413025
                },
                "2": {
                    "val_mae": 0.6811337471008301
                },
                "3": {
                    "val_mae": 0.673014223575592
                },
                "4": {
                    "val_mae": 0.6689361333847046
                },
                "5": {
                    "val_mae": 0.6625504493713379
                }
            }
        }
    },
    "mean_mae": 0.67386474609375,
    "std_mae": 0.0062633749596072985
}