{
    "representation": "skipatominduced",
    "pooling": "max",
    "dimension": 100,
    "task": "band_gap",
    "classification": false,
    "repeat": {
        "1": {
            "fold": {
                "1": {
                    "val_mae": 0.5800796151161194
                },
                "2": {
                    "val_mae": 0.5710469484329224
                },
                "3": {
                    "val_mae": 0.5694143772125244
                },
                "4": {
                    "val_mae": 0.5696382522583008
                },
                "5": {
                    "val_mae": 0.5592819452285767
                }
            }
        },
        "2": {
            "fold": {
                "1": {
                    "val_mae": 0.5722216367721558
                },
                "2": {
                    "val_mae": 0.5613558292388916
                },
                "3": {
                    "val_mae": 0.5782304406166077
                },
                "4": {
                    "val_mae": 0.5572864413261414
                },
                "5": {
                    "val_mae": 0.5785596370697021
                }
            }
        }
    },
    "mean_mae": 0.5697115123271942,
    "std_mae": 0.007742819098070963
}