{
    "representation": "skipatominduced",
    "pooling": "mean",
    "dimension": 400,
    "task": "band_gap",
    "classification": false,
    "repeat": {
        "1": {
            "fold": {
                "1": {
                    "val_mae": 0.4576049447059631
                },
                "2": {
                    "val_mae": 0.5016958117485046
                },
                "3": {
                    "val_mae": 0.4799904823303222
                },
                "4": {
                    "val_mae": 0.4484003484249115
                },
                "5": {
                    "val_mae": 0.4585903882980346
                }
            }
        },
        "2": {
            "fold": {
                "1": {
                    "val_mae": 0.4464776813983917
                },
                "2": {
                    "val_mae": 0.4520197510719299
                },
                "3": {
                    "val_mae": 0.457707792520523
                },
                "4": {
                    "val_mae": 0.4553314447402954
                },
                "5": {
                    "val_mae": 0.4497330486774444
                }
            }
        }
    },
    "mean_mae": 0.4607551693916321,
    "std_mae": 0.016290272836448523
}