{
    "representation": "skipatominduced",
    "pooling": "sum",
    "dimension": 100,
    "task": "band_gap",
    "classification": false,
    "repeat": {
        "1": {
            "fold": {
                "1": {
                    "val_mae": 0.4449003934860229
                },
                "2": {
                    "val_mae": 0.44010791182518
                },
                "3": {
                    "val_mae": 0.4469922482967376
                },
                "4": {
                    "val_mae": 0.4372677505016327
                },
                "5": {
                    "val_mae": 0.4372526407241821
                }
            }
        },
        "2": {
            "fold": {
                "1": {
                    "val_mae": 0.440055787563324
                },
                "2": {
                    "val_mae": 0.4534609317779541
                },
                "3": {
                    "val_mae": 0.4469273686408996
                },
                "4": {
                    "val_mae": 0.4435114860534668
                },
                "5": {
                    "val_mae": 0.4341161549091339
                }
            }
        }
    },
    "mean_mae": 0.4424592673778534,
    "std_mae": 0.005509887909059395
}