{
    "representation": "skipatominduced",
    "pooling": "max",
    "dimension": 200,
    "task": "is_magnetic",
    "classification": true,
    "repeat": {
        "1": {
            "fold": {
                "1": {
                    "val_auc": 0.9363974332809448
                },
                "2": {
                    "val_auc": 0.934293568134308
                },
                "3": {
                    "val_auc": 0.9370996952056884
                },
                "4": {
                    "val_auc": 0.9323534369468688
                },
                "5": {
                    "val_auc": 0.9307474493980408
                }
            }
        },
        "2": {
            "fold": {
                "1": {
                    "val_auc": 0.9275915026664734
                },
                "2": {
                    "val_auc": 0.9346548318862916
                },
                "3": {
                    "val_auc": 0.9325253367424012
                },
                "4": {
                    "val_auc": 0.9371437430381776
                },
                "5": {
                    "val_auc": 0.9355046153068542
                }
            }
        }
    },
    "mean_auc": 0.9338311612606048,
    "std_auc": 0.002902868084660602
}