{
    "representation": "skipatominduced",
    "pooling": "sum",
    "dimension": 300,
    "task": "is_magnetic",
    "classification": true,
    "repeat": {
        "1": {
            "fold": {
                "1": {
                    "val_auc": 0.9520461559295654
                },
                "2": {
                    "val_auc": 0.9535417556762696
                },
                "3": {
                    "val_auc": 0.9514731168746948
                },
                "4": {
                    "val_auc": 0.9519078731536864
                },
                "5": {
                    "val_auc": 0.954219400882721
                }
            }
        },
        "2": {
            "fold": {
                "1": {
                    "val_auc": 0.9478784799575806
                },
                "2": {
                    "val_auc": 0.954768717288971
                },
                "3": {
                    "val_auc": 0.9517335891723632
                },
                "4": {
                    "val_auc": 0.9544532895088196
                },
                "5": {
                    "val_auc": 0.9567763209342957
                }
            }
        }
    },
    "mean_auc": 0.9528798699378968,
    "std_auc": 0.002310948550219899
}