{
    "representation": "skipatominduced",
    "pooling": "mean",
    "dimension": 400,
    "task": "is_metal",
    "classification": true,
    "repeat": {
        "1": {
            "fold": {
                "1": {
                    "val_auc": 0.8812636137008667
                },
                "2": {
                    "val_auc": 0.8830943703651428
                },
                "3": {
                    "val_auc": 0.8797124624252319
                },
                "4": {
                    "val_auc": 0.881701648235321
                },
                "5": {
                    "val_auc": 0.8868655562400818
                }
            }
        },
        "2": {
            "fold": {
                "1": {
                    "val_auc": 0.8807876110076904
                },
                "2": {
                    "val_auc": 0.8824223279953003
                },
                "3": {
                    "val_auc": 0.8758808970451355
                },
                "4": {
                    "val_auc": 0.875102162361145
                },
                "5": {
                    "val_auc": 0.8918662667274475
                }
            }
        }
    },
    "mean_auc": 0.8818696916103363,
    "std_auc": 0.004632284967227403
}