{
    "representation": "skipatominduced",
    "pooling": "max",
    "dimension": 200,
    "task": "formation_energy_per_atom",
    "classification": false,
    "repeat": {
        "1": {
            "fold": {
                "1": {
                    "val_mae": 0.1075048521161079
                },
                "2": {
                    "val_mae": 0.1060884818434715
                },
                "3": {
                    "val_mae": 0.1058009043335914
                },
                "4": {
                    "val_mae": 0.10602518171072
                },
                "5": {
                    "val_mae": 0.1081630811095237
                }
            }
        },
        "2": {
            "fold": {
                "1": {
                    "val_mae": 0.1041258946061134
                },
                "2": {
                    "val_mae": 0.1095879971981048
                },
                "3": {
                    "val_mae": 0.1075458973646164
                },
                "4": {
                    "val_mae": 0.1088422238826751
                },
                "5": {
                    "val_mae": 0.1070838496088981
                }
            }
        }
    },
    "mean_mae": 0.10707683637738223,
    "std_mae": 0.0015305095993702674
}