{
    "representation": "skipatominduced",
    "pooling": "max",
    "dimension": 86,
    "task": "formation_energy_per_atom",
    "classification": false,
    "repeat": {
        "1": {
            "fold": {
                "1": {
                    "val_mae": 0.1194540858268737
                },
                "2": {
                    "val_mae": 0.1220554262399673
                },
                "3": {
                    "val_mae": 0.1191848590970039
                },
                "4": {
                    "val_mae": 0.1228909268975257
                },
                "5": {
                    "val_mae": 0.1237302348017692
                }
            }
        },
        "2": {
            "fold": {
                "1": {
                    "val_mae": 0.1181232780218124
                },
                "2": {
                    "val_mae": 0.1228235736489296
                },
                "3": {
                    "val_mae": 0.1237789019942283
                },
                "4": {
                    "val_mae": 0.1281545609235763
                },
                "5": {
                    "val_mae": 0.1221302971243858
                }
            }
        }
    },
    "mean_mae": 0.12223261445760722,
    "std_mae": 0.00272806661126359
}