{
    "representation": "skipatominduced",
    "pooling": "mean",
    "dimension": 100,
    "task": "band_gap",
    "classification": false,
    "repeat": {
        "1": {
            "fold": {
                "1": {
                    "val_mae": 0.4450956583023071
                },
                "2": {
                    "val_mae": 0.4453544914722442
                },
                "3": {
                    "val_mae": 0.4258499443531036
                },
                "4": {
                    "val_mae": 0.4403840601444244
                },
                "5": {
                    "val_mae": 0.4283756613731384
                }
            }
        },
        "2": {
            "fold": {
                "1": {
                    "val_mae": 0.4383563101291656
                },
                "2": {
                    "val_mae": 0.4509808123111725
                },
                "3": {
                    "val_mae": 0.453558087348938
                },
                "4": {
                    "val_mae": 0.4420770406723022
                },
                "5": {
                    "val_mae": 0.4362445771694183
                }
            }
        }
    },
    "mean_mae": 0.44062766432762146,
    "std_mae": 0.008436305467752066
}