{
    "representation": "skipatominduced",
    "pooling": "sum",
    "dimension": 86,
    "task": "is_metal",
    "classification": true,
    "repeat": {
        "1": {
            "fold": {
                "1": {
                    "val_auc": 0.8836230039596558
                },
                "2": {
                    "val_auc": 0.8844178318977356
                },
                "3": {
                    "val_auc": 0.869914174079895
                },
                "4": {
                    "val_auc": 0.8765398859977722
                },
                "5": {
                    "val_auc": 0.8843504190444946
                }
            }
        },
        "2": {
            "fold": {
                "1": {
                    "val_auc": 0.8780587911605835
                },
                "2": {
                    "val_auc": 0.8828443884849548
                },
                "3": {
                    "val_auc": 0.8796752095222473
                },
                "4": {
                    "val_auc": 0.8671337962150574
                },
                "5": {
                    "val_auc": 0.8725461959838867
                }
            }
        }
    },
    "mean_auc": 0.8779103696346283,
    "std_auc": 0.005955358810378952
}