{
    "representation": "skipatominduced",
    "pooling": "sum",
    "dimension": 100,
    "task": "formation_energy_per_atom",
    "classification": false,
    "repeat": {
        "1": {
            "fold": {
                "1": {
                    "val_mae": 0.07377340644598
                },
                "2": {
                    "val_mae": 0.0753599852323532
                },
                "3": {
                    "val_mae": 0.0714827701449394
                },
                "4": {
                    "val_mae": 0.0816394910216331
                },
                "5": {
                    "val_mae": 0.0756093189120292
                }
            }
        },
        "2": {
            "fold": {
                "1": {
                    "val_mae": 0.0730046555399894
                },
                "2": {
                    "val_mae": 0.0766126066446304
                },
                "3": {
                    "val_mae": 0.074275217950344
                },
                "4": {
                    "val_mae": 0.0756306052207946
                },
                "5": {
                    "val_mae": 0.0770346224308013
                }
            }
        }
    },
    "mean_mae": 0.07544226795434947,
    "std_mae": 0.00261051121814065
}