{
    "representation": "skipatominduced",
    "pooling": "mean",
    "dimension": 200,
    "task": "is_metal",
    "classification": true,
    "repeat": {
        "1": {
            "fold": {
                "1": {
                    "val_auc": 0.8877915740013123
                },
                "2": {
                    "val_auc": 0.8863892555236816
                },
                "3": {
                    "val_auc": 0.8825899362564087
                },
                "4": {
                    "val_auc": 0.8840169310569763
                },
                "5": {
                    "val_auc": 0.8819553256034851
                }
            }
        },
        "2": {
            "fold": {
                "1": {
                    "val_auc": 0.8773481845855713
                },
                "2": {
                    "val_auc": 0.883000910282135
                },
                "3": {
                    "val_auc": 0.8752642273902893
                },
                "4": {
                    "val_auc": 0.8870500326156616
                },
                "5": {
                    "val_auc": 0.8900626301765442
                }
            }
        }
    },
    "mean_auc": 0.8835469007492065,
    "std_auc": 0.004379698404437336
}