{
    "representation": "skipatominduced",
    "pooling": "max",
    "dimension": 30,
    "task": "formation_energy_per_atom",
    "classification": false,
    "repeat": {
        "1": {
            "fold": {
                "1": {
                    "val_mae": 0.1531330496072769
                },
                "2": {
                    "val_mae": 0.155960351228714
                },
                "3": {
                    "val_mae": 0.154875099658966
                },
                "4": {
                    "val_mae": 0.1507576256990432
                },
                "5": {
                    "val_mae": 0.1548110544681549
                }
            }
        },
        "2": {
            "fold": {
                "1": {
                    "val_mae": 0.1499949097633361
                },
                "2": {
                    "val_mae": 0.1492354720830917
                },
                "3": {
                    "val_mae": 0.1545743197202682
                },
                "4": {
                    "val_mae": 0.1508250683546066
                },
                "5": {
                    "val_mae": 0.1531250476837158
                }
            }
        }
    },
    "mean_mae": 0.15272919982671734,
    "std_mae": 0.0022427415971250863
}