{
    "representation": "skipatominduced",
    "pooling": "sum",
    "dimension": 86,
    "task": "band_gap",
    "classification": false,
    "repeat": {
        "1": {
            "fold": {
                "1": {
                    "val_mae": 0.4571447372436523
                },
                "2": {
                    "val_mae": 0.4508141577243805
                },
                "3": {
                    "val_mae": 0.4648005068302154
                },
                "4": {
                    "val_mae": 0.4500688314437866
                },
                "5": {
                    "val_mae": 0.4535301625728607
                }
            }
        },
        "2": {
            "fold": {
                "1": {
                    "val_mae": 0.4728465974330902
                },
                "2": {
                    "val_mae": 0.4787496328353882
                },
                "3": {
                    "val_mae": 0.4543749392032623
                },
                "4": {
                    "val_mae": 0.4691123366355896
                },
                "5": {
                    "val_mae": 0.447386622428894
                }
            }
        }
    },
    "mean_mae": 0.459882852435112,
    "std_mae": 0.010228801679578904
}