{
    "representation": "skipatominduced",
    "pooling": "max",
    "dimension": 86,
    "task": "is_magnetic",
    "classification": true,
    "repeat": {
        "1": {
            "fold": {
                "1": {
                    "val_auc": 0.9184726476669312
                },
                "2": {
                    "val_auc": 0.9223663210868835
                },
                "3": {
                    "val_auc": 0.917831003665924
                },
                "4": {
                    "val_auc": 0.9189704060554504
                },
                "5": {
                    "val_auc": 0.9258681535720824
                }
            }
        },
        "2": {
            "fold": {
                "1": {
                    "val_auc": 0.9142209887504578
                },
                "2": {
                    "val_auc": 0.9213891625404358
                },
                "3": {
                    "val_auc": 0.9147356748580932
                },
                "4": {
                    "val_auc": 0.916986048221588
                },
                "5": {
                    "val_auc": 0.9186708331108092
                }
            }
        }
    },
    "mean_auc": 0.9189511239528656,
    "std_auc": 0.0033319837765838634
}