{
    "representation": "skipatominduced",
    "pooling": "sum",
    "dimension": 200,
    "task": "is_magnetic",
    "classification": true,
    "repeat": {
        "1": {
            "fold": {
                "1": {
                    "val_auc": 0.949580192565918
                },
                "2": {
                    "val_auc": 0.954980194568634
                },
                "3": {
                    "val_auc": 0.9475284218788148
                },
                "4": {
                    "val_auc": 0.9519860744476318
                },
                "5": {
                    "val_auc": 0.9497488141059875
                }
            }
        },
        "2": {
            "fold": {
                "1": {
                    "val_auc": 0.948968768119812
                },
                "2": {
                    "val_auc": 0.9543253183364868
                },
                "3": {
                    "val_auc": 0.9506971836090088
                },
                "4": {
                    "val_auc": 0.9587963819503784
                },
                "5": {
                    "val_auc": 0.9553014636039734
                }
            }
        }
    },
    "mean_auc": 0.9521912813186646,
    "std_auc": 0.0033588310045374577
}