{
    "representation": "skipatominduced",
    "pooling": "sum",
    "dimension": 300,
    "task": "is_metal",
    "classification": true,
    "repeat": {
        "1": {
            "fold": {
                "1": {
                    "val_auc": 0.8836917877197266
                },
                "2": {
                    "val_auc": 0.8788955211639404
                },
                "3": {
                    "val_auc": 0.8780459761619568
                },
                "4": {
                    "val_auc": 0.873924970626831
                },
                "5": {
                    "val_auc": 0.8881893157958984
                }
            }
        },
        "2": {
            "fold": {
                "1": {
                    "val_auc": 0.8723031282424927
                },
                "2": {
                    "val_auc": 0.8740943074226379
                },
                "3": {
                    "val_auc": 0.8821913599967957
                },
                "4": {
                    "val_auc": 0.879119336605072
                },
                "5": {
                    "val_auc": 0.8735735416412354
                }
            }
        }
    },
    "mean_auc": 0.8784029245376587,
    "std_auc": 0.0048798338839517895
}