{
    "representation": "skipatominduced",
    "pooling": "max",
    "dimension": 30,
    "task": "is_metal",
    "classification": true,
    "repeat": {
        "1": {
            "fold": {
                "1": {
                    "val_auc": 0.8457639813423157
                },
                "2": {
                    "val_auc": 0.8282240629196167
                },
                "3": {
                    "val_auc": 0.8322612047195435
                },
                "4": {
                    "val_auc": 0.8457173109054565
                },
                "5": {
                    "val_auc": 0.8454270362854004
                }
            }
        },
        "2": {
            "fold": {
                "1": {
                    "val_auc": 0.8359869718551636
                },
                "2": {
                    "val_auc": 0.8329208493232727
                },
                "3": {
                    "val_auc": 0.8360607028007507
                },
                "4": {
                    "val_auc": 0.8387683033943176
                },
                "5": {
                    "val_auc": 0.8446279168128967
                }
            }
        }
    },
    "mean_auc": 0.8385758340358734,
    "std_auc": 0.006150727839061629
}