{
    "representation": "skipatominduced",
    "pooling": "sum",
    "dimension": 400,
    "task": "band_gap",
    "classification": false,
    "repeat": {
        "1": {
            "fold": {
                "1": {
                    "val_mae": 0.4518026411533355
                },
                "2": {
                    "val_mae": 0.4437591731548309
                },
                "3": {
                    "val_mae": 0.457038015127182
                },
                "4": {
                    "val_mae": 0.4495157599449157
                },
                "5": {
                    "val_mae": 0.4717720150947571
                }
            }
        },
        "2": {
            "fold": {
                "1": {
                    "val_mae": 0.47866091132164
                },
                "2": {
                    "val_mae": 0.4510554671287536
                },
                "3": {
                    "val_mae": 0.4599825739860534
                },
                "4": {
                    "val_mae": 0.4738983809947967
                },
                "5": {
                    "val_mae": 0.4544699490070343
                }
            }
        }
    },
    "mean_mae": 0.45919548869133,
    "std_mae": 0.011107397485886636
}