{
    "representation": "skipatominduced",
    "pooling": "max",
    "dimension": 400,
    "task": "formation_energy_per_atom",
    "classification": false,
    "repeat": {
        "1": {
            "fold": {
                "1": {
                    "val_mae": 0.1077267229557037
                },
                "2": {
                    "val_mae": 0.1058755442500114
                },
                "3": {
                    "val_mae": 0.1071633324027061
                },
                "4": {
                    "val_mae": 0.107452891767025
                },
                "5": {
                    "val_mae": 0.1092039719223976
                }
            }
        },
        "2": {
            "fold": {
                "1": {
                    "val_mae": 0.1055958345532417
                },
                "2": {
                    "val_mae": 0.1094868406653404
                },
                "3": {
                    "val_mae": 0.1093637123703956
                },
                "4": {
                    "val_mae": 0.1097810789942741
                },
                "5": {
                    "val_mae": 0.1062131375074386
                }
            }
        }
    },
    "mean_mae": 0.10778630673885344,
    "std_mae": 0.0015098268442013552
}