{
    "representation": "skipatominduced",
    "pooling": "max",
    "dimension": 30,
    "task": "is_magnetic",
    "classification": true,
    "repeat": {
        "1": {
            "fold": {
                "1": {
                    "val_auc": 0.9018827676773072
                },
                "2": {
                    "val_auc": 0.9039340019226074
                },
                "3": {
                    "val_auc": 0.901848077774048
                },
                "4": {
                    "val_auc": 0.8979517221450806
                },
                "5": {
                    "val_auc": 0.9044983983039856
                }
            }
        },
        "2": {
            "fold": {
                "1": {
                    "val_auc": 0.8993938565254211
                },
                "2": {
                    "val_auc": 0.9127959609031676
                },
                "3": {
                    "val_auc": 0.9018768072128296
                },
                "4": {
                    "val_auc": 0.8971555233001709
                },
                "5": {
                    "val_auc": 0.902190625667572
                }
            }
        }
    },
    "mean_auc": 0.902352774143219,
    "std_auc": 0.004147631416454098
}