{
    "representation": "skipatominduced",
    "pooling": "max",
    "dimension": 200,
    "task": "band_gap",
    "classification": false,
    "repeat": {
        "1": {
            "fold": {
                "1": {
                    "val_mae": 0.5507552623748779
                },
                "2": {
                    "val_mae": 0.5406329035758972
                },
                "3": {
                    "val_mae": 0.5822998881340027
                },
                "4": {
                    "val_mae": 0.5552976727485657
                },
                "5": {
                    "val_mae": 0.5481134057044983
                }
            }
        },
        "2": {
            "fold": {
                "1": {
                    "val_mae": 0.5506708025932312
                },
                "2": {
                    "val_mae": 0.5499991178512573
                },
                "3": {
                    "val_mae": 0.532560408115387
                },
                "4": {
                    "val_mae": 0.5771099328994751
                },
                "5": {
                    "val_mae": 0.5396133065223694
                }
            }
        }
    },
    "mean_mae": 0.5527052700519561,
    "std_mae": 0.014958130262170027
}