{
    "representation": "skipatominduced",
    "pooling": "sum",
    "dimension": 400,
    "task": "is_metal",
    "classification": true,
    "repeat": {
        "1": {
            "fold": {
                "1": {
                    "val_auc": 0.8799123764038086
                },
                "2": {
                    "val_auc": 0.8806905150413513
                },
                "3": {
                    "val_auc": 0.873670756816864
                },
                "4": {
                    "val_auc": 0.8802956342697144
                },
                "5": {
                    "val_auc": 0.885326087474823
                }
            }
        },
        "2": {
            "fold": {
                "1": {
                    "val_auc": 0.8792614340782166
                },
                "2": {
                    "val_auc": 0.8775048851966858
                },
                "3": {
                    "val_auc": 0.8715555667877197
                },
                "4": {
                    "val_auc": 0.8735536932945251
                },
                "5": {
                    "val_auc": 0.8827093839645386
                }
            }
        }
    },
    "mean_auc": 0.8784480333328247,
    "std_auc": 0.004145932604691348
}