{
    "representation": "skipatominduced",
    "pooling": "max",
    "dimension": 86,
    "task": "band_gap",
    "classification": false,
    "repeat": {
        "1": {
            "fold": {
                "1": {
                    "val_mae": 0.589564323425293
                },
                "2": {
                    "val_mae": 0.5921561121940613
                },
                "3": {
                    "val_mae": 0.6106113195419312
                },
                "4": {
                    "val_mae": 0.5914700627326965
                },
                "5": {
                    "val_mae": 0.5855606198310852
                }
            }
        },
        "2": {
            "fold": {
                "1": {
                    "val_mae": 0.5890034437179565
                },
                "2": {
                    "val_mae": 0.5917434692382812
                },
                "3": {
                    "val_mae": 0.6123825311660767
                },
                "4": {
                    "val_mae": 0.6075572967529297
                },
                "5": {
                    "val_mae": 0.6032626628875732
                }
            }
        }
    },
    "mean_mae": 0.5973311841487885,
    "std_mae": 0.009503889227925702
}