{
    "representation": "skipatominduced",
    "pooling": "max",
    "dimension": 400,
    "task": "band_gap",
    "classification": false,
    "repeat": {
        "1": {
            "fold": {
                "1": {
                    "val_mae": 0.5403706431388855
                },
                "2": {
                    "val_mae": 0.5664114952087402
                },
                "3": {
                    "val_mae": 0.5491191744804382
                },
                "4": {
                    "val_mae": 0.5454210042953491
                },
                "5": {
                    "val_mae": 0.5481670498847961
                }
            }
        },
        "2": {
            "fold": {
                "1": {
                    "val_mae": 0.5495172739028931
                },
                "2": {
                    "val_mae": 0.5433865189552307
                },
                "3": {
                    "val_mae": 0.5401961803436279
                },
                "4": {
                    "val_mae": 0.5366066694259644
                },
                "5": {
                    "val_mae": 0.5638591051101685
                }
            }
        }
    },
    "mean_mae": 0.5483055114746094,
    "std_mae": 0.009327345123299842
}