{
    "representation": "skipatominduced",
    "pooling": "mean",
    "dimension": 400,
    "task": "formation_energy_per_atom",
    "classification": false,
    "repeat": {
        "1": {
            "fold": {
                "1": {
                    "val_mae": 0.0776637718081474
                },
                "2": {
                    "val_mae": 0.0830260813236236
                },
                "3": {
                    "val_mae": 0.0725353956222534
                },
                "4": {
                    "val_mae": 0.0796969085931778
                },
                "5": {
                    "val_mae": 0.0754849910736084
                }
            }
        },
        "2": {
            "fold": {
                "1": {
                    "val_mae": 0.0730721205472946
                },
                "2": {
                    "val_mae": 0.0780882239341735
                },
                "3": {
                    "val_mae": 0.076963223516941
                },
                "4": {
                    "val_mae": 0.0814024358987808
                },
                "5": {
                    "val_mae": 0.0775111615657806
                }
            }
        }
    },
    "mean_mae": 0.07754443138837812,
    "std_mae": 0.0031551228636505497
}