{
    "representation": "skipatominduced",
    "pooling": "mean",
    "dimension": 30,
    "task": "band_gap",
    "classification": false,
    "repeat": {
        "1": {
            "fold": {
                "1": {
                    "val_mae": 0.4815019369125366
                },
                "2": {
                    "val_mae": 0.4759868383407593
                },
                "3": {
                    "val_mae": 0.4718583226203918
                },
                "4": {
                    "val_mae": 0.4644781351089477
                },
                "5": {
                    "val_mae": 0.4591026604175567
                }
            }
        },
        "2": {
            "fold": {
                "1": {
                    "val_mae": 0.4791907072067261
                },
                "2": {
                    "val_mae": 0.474876344203949
                },
                "3": {
                    "val_mae": 0.4825757443904876
                },
                "4": {
                    "val_mae": 0.4818943440914154
                },
                "5": {
                    "val_mae": 0.4734061956405639
                }
            }
        }
    },
    "mean_mae": 0.47448712289333345,
    "std_mae": 0.007341424937353718
}